Lines_of_Code,Cyclomatic_Complexity,Num_Functions,Code_Churn,Comment_Density,Num_Bugs,Has_Unit_Tests,Code_Owner_Experience,Quality_Label
356.0,31,144,69.56704674111288,0.4675606016072429,2,1,4,2
227.0,15,104,131.84442225798875,0.795643059788489,2,0,5,0
9674.0,47,141,118.7290267002287,0.3168389851110292,5,0,1,0
6967.0,42,107,194.3971546859065,0.9718826992263347,5,1,3,1
7954.0,35,114,69.2022927785319,0.5594174313719161,1,0,8,2
2305.0,38,120,164.29955877293872,0.3538601529447827,5,0,6,2
8613.0,22,26,54.9685517504471,0.3558556537466379,5,1,3,2
4479.0,5,149,88.06024679001001,0.1164699880335734,7,1,7,0
8167.0,48,165,68.07458775569572,0.723187801680661,1,1,6,1
6377.0,13,179,75.22791442230289,0.798353472408038,5,1,5,2
9808.0,32,92,92.1310175916464,0.1291849956313206,3,1,8,0
,3,147,172.0874183043652,0.6273410852178579,1,0,8,0
8410.0,15,37,122.83214573714208,0.8035054009933796,2,0,3,0
7181.0,27,19,161.70389152406418,0.438616043551902,3,1,8,0
2471.0,27,31,100.72878863600177,0.4894674245692207,4,1,9,1
5116.0,30,193,164.13676373338285,0.4254624099209262,1,1,3,1
6402.0,6,116,111.3504470953552,0.3840856467098266,4,1,8,0
6482.0,25,86,60.53723757817199,0.5420275512867287,2,0,8,2
6639.0,28,52,,0.2494905941199021,3,0,7,1
6552.0,22,12,174.19510740267654,0.4966189131086731,0,1,8,2
6492.0,4,138,131.91584834128378,0.9476426118449848,2,0,1,2
4896.0,15,195,141.54399802806557,0.1246618880174919,6,0,3,1
2541.0,26,122,163.95765434519103,0.2482690742677259,5,1,6,2
1117.0,18,88,86.4975832944504,,5,1,7,1
4601.0,9,6,64.10275938704217,0.2188513809223405,4,0,7,1
3147.0,4,154,118.13489055909676,0.3441528095524709,1,0,6,2
5894.0,48,122,186.32255959807665,0.5093550316399202,3,0,4,2
4350.0,5,25,115.0594823078062,0.948846031876994,2,0,5,0
6047.0,45,138,,0.2651510685732125,2,1,9,1
8485.0,6,127,103.7365019446717,0.9307761346038848,2,0,1,2
7491.0,12,100,114.72864623658704,0.7466720614415673,3,1,2,1
2546.0,31,17,73.59909392223345,0.7040304205688548,0,0,5,0
7223.0,47,5,,0.7511882716450289,4,0,5,0
1499.0,9,154,,0.1281219570724037,10,1,7,0
6395.0,7,121,24.87422914148321,0.1890102349625674,3,1,8,0
3787.0,29,156,24.94290778518433,0.4013573758662055,2,0,6,0
7964.0,14,68,12.306908405551738,0.1665707798338099,5,0,6,0
6227.0,20,173,173.7728599407528,0.9888307385458798,4,1,5,0
652.0,48,154,53.7603256503,0.6223709873306598,2,0,5,0
5643.0,32,65,117.58637212178294,0.5386093040286857,5,1,8,1
9021.0,22,112,189.2507944774985,0.8069606064091395,9,1,5,2
2660.0,36,16,116.62619114755007,0.9792632861307908,0,0,6,1
5208.0,44,94,125.71467255463476,0.9596170000762972,2,0,3,1
4366.0,18,136,57.84374137233687,0.8137583963098265,2,1,5,2
5045.0,40,87,116.66054881176818,0.4394568132647888,2,1,9,2
9085.0,49,132,50.24517710406941,0.159363542420116,9,1,3,0
5784.0,25,144,4.834427715547889,0.188539279956173,1,1,8,2
8416.0,31,37,102.61709591451856,0.1010371067151287,2,1,7,1
,35,153,116.04080804178406,0.1017125589023703,2,1,4,0
2651.0,26,132,,0.9427796190401156,1,0,5,1
3948.0,4,104,62.66876086345067,0.9343152722867492,3,0,8,2
3556.0,42,110,89.32844190550367,0.7007984197343219,3,1,7,1
2858.0,48,76,63.663176324583546,0.7540090517982723,3,0,2,1
3855.0,20,78,137.11007408850813,0.561887610985034,4,1,8,0
3742.0,34,100,122.34231654175277,0.3140580304794992,2,1,8,0
8219.0,12,96,181.4020585202668,0.9229465441979282,1,1,9,1
1760.0,16,78,82.22459169514093,0.349922320623415,5,0,2,2
8329.0,42,76,103.4911133750992,0.765704134854671,6,0,4,0
5686.0,5,184,108.67898504925152,0.3208921162514917,4,1,2,1
,44,179,81.3502899797844,0.88313357624426,2,1,4,0
6558.0,35,63,0.8255641521635226,0.6861154909829329,3,0,3,0
9600.0,44,179,122.19450900250982,0.6784255185010588,2,0,7,2
6225.0,27,60,216.7410845673424,0.1876305130677279,3,1,5,1
3023.0,1,17,149.96777058961106,0.4775220128522814,2,1,7,1
2808.0,34,176,197.9093378962245,,2,0,2,1
4271.0,43,39,144.83981804526485,0.3646326595699991,3,0,4,1
8522.0,32,123,92.40162529801994,0.8928771506501191,3,1,6,1
2850.0,44,119,130.0791167810389,0.8539029473600995,2,1,5,0
,39,161,153.49464404255656,0.5442588211082771,1,1,2,0
8031.0,33,60,19.967303215231,0.4060280823797034,2,1,7,0
2904.0,31,137,122.24107734879593,0.82138804480508,7,1,2,0
5544.0,13,199,95.07836145004448,0.2772023027871149,3,1,9,2
941.0,45,57,173.8722341770402,0.1643646835842694,1,0,7,2
5675.0,2,105,118.61625830464536,0.1411394374647529,4,0,3,1
7610.0,30,124,-23.015220315555226,0.1348149348082002,2,0,6,2
,10,64,121.99431023822422,0.5399997908231606,1,1,5,0
3634.0,23,109,-3.0925776839269616,0.3297822724894241,5,1,9,0
7957.0,33,138,163.7054208179796,0.7213376092257527,2,0,3,0
707.0,39,180,61.605589989603374,0.6885024166364548,0,0,2,0
7494.0,45,110,43.4627100899064,0.5878180064296225,1,1,2,0
4718.0,29,84,61.44752842440421,0.4175589532851667,3,0,4,1
4060.0,30,167,55.316287961108216,0.8654106204871572,1,0,1,1
4357.0,34,150,92.2144919547264,0.7387324779700482,2,1,9,0
5712.0,39,15,56.97460849198495,0.3443735116284927,2,0,3,1
301.0,17,55,84.95875173458356,0.551519796082159,4,0,5,2
6659.0,22,125,22.88602320240749,0.2406440879418369,3,0,2,2
5231.0,5,27,87.4177555942021,0.3958986619917165,2,1,8,0
,11,51,171.12936703513952,0.9974261645771804,1,1,3,1
851.0,22,79,77.57071237153252,0.3014597982404764,1,0,5,0
7645.0,32,191,131.20733840836863,0.7284721201463247,2,0,7,1
5444.0,24,189,37.18545139937041,0.3145767811993255,4,1,2,0
1305.0,11,97,128.9848033020888,0.9443210851052304,1,1,3,0
,11,131,156.87921146971854,0.3791195604913308,4,1,8,0
3987.0,17,60,171.26059916071398,0.4120201671820384,5,1,8,2
1430.0,32,159,110.03738503162178,0.6344737957595685,6,1,3,1
8722.0,19,77,133.5721385551437,0.6293005940034413,3,0,7,1
7619.0,27,167,35.97405767991421,0.6211687508174618,5,1,2,2
4783.0,32,187,80.82950686623681,0.6159292015656167,1,0,9,2
2374.0,25,141,59.98581625192146,0.3809682043481878,3,0,8,1
,28,22,116.42264112464858,0.4909692010046875,3,1,9,1
3465.0,40,48,73.58923899590225,0.6340900988268793,4,1,9,0
1363.0,27,153,134.33939739896286,0.7041431113004042,1,1,7,0
4336.0,14,60,223.4295164556527,0.3278161121712354,1,0,4,1
,42,180,131.0787379570856,0.7313275555326467,0,1,5,1
3833.0,39,104,170.58289916703166,0.930948625101373,1,0,7,0
1765.0,2,5,40.772371968097495,0.7821349330094098,5,1,5,2
960.0,17,159,95.75149333359948,0.1758095225404495,5,0,8,1
944.0,1,49,110.84277209689238,0.522213598081019,2,0,5,1
236.0,45,67,103.2527848897288,0.491737451985167,3,1,5,2
5847.0,32,62,,0.4028529808164371,1,1,5,2
6594.0,19,172,62.805697652846426,0.5421881259127029,4,0,4,2
5886.0,14,67,116.15620138249382,0.4956703960598909,6,0,7,1
9445.0,31,42,-21.423387584778283,0.1055534294506243,6,1,2,1
9270.0,18,33,121.23365526817597,0.3128997502828629,2,0,4,1
8860.0,14,44,125.29579279572756,0.2924039307541126,1,0,3,0
6300.0,47,151,97.38742683403572,0.4143335871185196,0,1,8,2
8425.0,14,92,119.76507584890956,0.2570110675518745,2,1,7,2
2161.0,24,60,71.7755304127576,0.1610212993403608,2,0,3,0
4478.0,5,48,38.92402282151588,0.2769515695315115,6,0,4,0
3830.0,16,197,50.572981465939456,0.8687681077775185,6,1,4,0
8418.0,5,104,57.371699059831286,,7,1,7,0
6222.0,13,145,35.38241955164409,0.4978865776831703,2,1,8,2
1895.0,16,162,33.408881681093845,0.8900335305808871,3,0,4,0
4413.0,15,53,58.49679173042956,0.3093990563087055,6,1,8,0
8287.0,31,119,82.19484091405944,0.6257882270793086,2,0,1,2
4940.0,5,79,106.5938251129482,0.2286323879917698,6,1,9,2
3826.0,21,195,38.80461730298565,0.8500606205944508,1,1,7,2
359.0,30,167,53.30706763427619,0.2175234017426672,3,0,4,2
1341.0,23,143,69.28675171061842,0.1286741430805988,4,1,8,1
1943.0,38,53,121.84393857206663,0.3460998070613758,3,0,2,1
5877.0,29,111,40.24340688522973,0.910841580412321,1,1,8,1
9804.0,13,115,74.13677347762774,0.2165113737337989,6,1,6,1
2380.0,32,119,148.6202772704254,0.3976032418259857,3,1,7,2
9247.0,48,172,60.26887453871779,0.3847734937109734,4,1,7,1
7896.0,42,25,37.63605349890202,0.8214816466872019,6,1,2,0
4667.0,27,51,95.63903686317602,0.4793728598020221,2,0,2,0
9400.0,34,7,58.43950401682732,0.650410344653215,2,0,4,0
9834.0,45,162,-38.09723349928478,0.463944705249588,2,0,6,1
8672.0,49,131,109.9522883970034,0.5963113136231821,1,1,4,1
1355.0,33,71,143.5118545866794,0.1561966516156885,4,1,6,0
6562.0,4,66,98.88206814967867,0.4366264943261214,2,1,5,1
1758.0,18,169,152.15991578145662,0.8695952539659584,4,1,6,2
2748.0,6,154,132.20129490550528,0.7219608068640175,0,0,9,1
3471.0,28,35,57.25501658948824,0.983646139731958,5,0,6,0
3529.0,44,50,202.47534396435177,0.8091275836385289,0,1,6,0
9872.0,27,49,116.05717909488185,0.5063587434025967,0,0,8,1
4960.0,26,18,121.39014540553192,0.7086524119295885,2,1,5,1
7720.0,20,125,50.32661907240856,0.7983223081194601,8,1,5,0
3032.0,13,144,22.707573227120776,0.342715293929207,3,1,1,0
5186.0,28,123,45.8303030792667,0.1540161015540258,4,0,6,1
9878.0,34,195,146.0050606923072,0.4652625411986935,1,1,1,1
6749.0,49,81,185.5249188267128,0.2302058458922637,1,0,8,0
8219.0,23,92,114.43755355926584,0.3495170077862517,2,0,9,0
5083.0,10,170,104.6262487169559,0.9521609459267198,3,1,6,0
2621.0,30,121,148.36198159673992,0.8623743339002667,4,0,9,0
2802.0,22,179,169.05842173485877,0.6332174511108942,4,1,2,0
118.0,5,128,27.396698609476687,0.461131035879135,2,0,9,0
2669.0,44,58,181.3966986275828,0.3378973241870663,6,1,4,0
883.0,9,187,80.975342386404,0.6143124517468,4,1,3,1
9998.0,43,52,154.19897569794713,0.5798442247056033,4,1,1,2
514.0,4,105,46.61841471076959,0.8027027275433797,4,1,1,2
8655.0,42,19,151.6750990301015,0.9352181698876516,0,1,8,1
1203.0,1,117,28.31524387046936,0.396043571197017,8,0,2,2
4991.0,34,20,156.06565101712528,0.2856673996811147,3,1,1,1
5409.0,41,175,132.167316355061,0.4625196543511346,4,1,2,1
1271.0,26,139,21.39785561411816,0.4937871721718837,5,0,3,1
9990.0,18,47,163.7706884973702,0.1358832605359262,6,1,4,1
8734.0,16,32,51.20106454722291,0.8755268789795704,5,1,9,2
6508.0,23,70,157.14577976182056,0.9960331048007458,0,0,7,1
4845.0,46,102,107.22391457396932,0.9308878234403702,4,1,5,0
4661.0,36,64,37.686450364463866,0.8745984815382193,1,0,5,1
8272.0,26,132,49.33903402785906,0.993340273113587,1,0,6,2
6736.0,2,135,295.1399358810962,0.9170275887773977,2,0,1,2
2689.0,44,133,215.3673507953322,0.7195308586689855,2,1,6,2
9795.0,5,163,89.46609050185205,0.2500809838949509,3,0,6,2
5822.0,29,60,121.23191440737696,0.240715111003181,1,1,5,0
822.0,4,88,160.15169334548793,,4,0,9,1
941.0,47,178,35.406143217234074,0.4706477804688548,1,0,5,0
2447.0,35,36,134.49680896157685,,4,0,9,1
745.0,22,85,149.35840966537344,0.5412663503190195,2,1,7,1
8315.0,49,22,118.09223717381138,0.4296895351404242,4,0,3,0
3372.0,8,39,169.54727740393133,,3,1,9,0
106.0,44,108,107.632197875677,0.1465779781815293,10,0,7,2
3801.0,21,104,155.26484386777796,0.4592612290812465,2,0,4,1
9563.0,8,27,111.81501434711036,0.1899328421653592,2,1,9,1
5730.0,5,145,23.31511941265127,0.1931933554641845,4,0,6,1
2656.0,21,146,146.9480913995655,0.4558135824735816,4,0,9,1
3054.0,27,169,,,6,1,4,1
7487.0,38,9,92.43987075844431,0.2680145982770636,1,1,2,1
6888.0,5,154,33.045362283388414,0.7161721176343933,3,0,9,2
9891.0,21,32,143.4037279324023,0.4768228006145297,2,0,4,1
9958.0,8,136,115.82384124222718,0.1827302839648444,4,0,2,2
9353.0,22,54,114.85063065732146,0.6733307121064437,4,1,7,1
4761.0,18,106,109.45097334825364,0.4212503368256249,3,1,7,1
3901.0,4,33,150.38552022966618,0.1470893293686396,4,0,5,0
5733.0,4,41,114.39681337897603,0.953183421700473,1,1,5,1
7513.0,37,167,,0.6140772613951027,2,1,8,0
1263.0,15,152,19.236966146721684,0.5299483321275736,3,0,6,0
1381.0,38,167,76.92367497897501,0.8732236553684511,4,1,1,0
8287.0,27,134,145.47794172410775,0.9430663863823524,2,1,4,2
9500.0,21,120,83.26192321885809,0.2982896813495902,4,1,1,0
402.0,48,62,145.3924669229027,0.8291300515075244,4,1,5,0
9047.0,46,150,29.28758992849141,0.8479719340968386,4,1,5,0
4359.0,46,110,,0.1489625152098391,2,0,4,1
,48,60,46.51494601795759,0.7407497036604455,2,1,9,2
9518.0,4,126,106.7687833993408,0.1566710936196193,9,1,8,2
8280.0,11,196,189.6006682451918,0.6352059217509106,3,1,3,2
7675.0,19,107,212.21501456005004,0.7023130994248066,2,1,5,2
9525.0,19,127,152.87692701079678,0.4303528195158728,2,0,6,1
6078.0,27,184,2.1044746800647545,0.8927087469918922,3,0,5,0
9189.0,40,26,62.39594835227439,0.8204605362707251,1,1,8,1
6190.0,42,64,-51.942541684371776,0.9333637422592568,5,0,5,2
8254.0,28,142,,0.3834005739678836,2,1,8,1
8283.0,5,88,181.24405390240045,0.1193750200556297,2,0,3,1
5780.0,48,132,140.77536685514448,0.8303151402977968,3,1,5,2
6611.0,25,84,11.726624639950174,0.3006796203967967,3,1,4,0
3462.0,3,138,169.43612228930607,0.5204404365103501,3,0,6,1
9746.0,26,85,160.21397835092,0.8355890546776277,2,1,3,2
2112.0,10,10,177.15640923367718,0.2945216608077616,2,0,4,1
1200.0,24,90,155.45542562488694,0.3807178865076913,2,1,4,1
9107.0,29,86,73.69320811544299,0.4951719877040101,2,0,5,1
5204.0,45,160,7.254268816751662,0.3446423651488969,3,0,6,0
5715.0,7,46,158.54630990549578,0.5151892807025458,2,0,2,1
9612.0,44,78,138.82997325780033,0.108636980045074,3,0,8,1
,23,45,1.403439289093228,0.2909691754761945,2,1,4,0
7723.0,46,67,51.785087074187935,0.849298023696678,1,1,7,1
4687.0,27,26,53.189614710857,0.4721337626617007,1,0,7,1
9324.0,42,83,136.37355911101537,0.6727651909677457,2,1,2,0
6137.0,9,161,99.22498633225663,0.3090591348719881,2,1,7,2
1255.0,44,75,86.81590189008556,0.6848907980037995,3,1,1,1
9392.0,3,118,79.0260420846729,0.9999764808816312,2,0,2,2
1096.0,13,38,43.71662017270138,0.6357588754571245,2,0,5,2
9727.0,6,100,148.26909405244575,0.6655227063777179,3,1,8,2
5309.0,38,134,63.65552261840892,0.2003678420157977,2,1,7,0
2645.0,21,158,158.11881089018706,0.4630433244993861,4,0,3,0
3800.0,19,113,30.34809014184225,0.8746524086346006,1,1,9,1
6865.0,25,79,75.40141727134319,0.850844776292499,5,1,5,2
5084.0,39,23,198.24166279663172,0.5701591993251898,2,1,3,0
,4,129,111.73111559232454,0.9131087347639952,2,0,7,0
2418.0,22,24,75.47265714428875,0.2286433163851462,6,0,4,2
9030.0,5,165,68.59567061244391,0.6923704641953726,3,0,1,0
2619.0,1,120,56.53029734642623,0.3239952188519758,2,1,5,2
5527.0,17,98,122.68484865732653,0.681005264594713,1,1,8,0
4703.0,9,86,144.92982245521884,,6,1,4,2
8346.0,9,100,112.56486207330346,0.9492481855944448,4,0,7,0
2184.0,24,108,97.03912562110874,0.8076988356314434,0,0,8,0
999.0,10,8,130.0784354878549,0.2808654084063017,1,0,9,0
8815.0,20,164,29.77209476021549,0.6735489117148336,1,1,9,0
562.0,17,151,118.90410341089324,0.783231076483724,4,0,5,2
1601.0,13,135,121.7327176854619,0.2885012396464248,2,1,6,1
815.0,29,96,113.36765156216848,0.1839972769425794,6,1,7,1
5430.0,36,65,72.23852583026662,0.4166017894861299,5,0,2,0
7274.0,23,42,61.24784029591165,0.2221789070757088,1,1,9,1
3711.0,27,122,34.95855941388601,0.6091405345938063,2,1,1,0
9280.0,18,138,173.52907862096023,0.4817034186160736,4,0,6,1
311.0,18,60,97.21613435666556,0.5161819042908149,3,1,6,0
7456.0,9,172,78.81018587920683,,3,0,7,1
853.0,3,125,73.93850613149453,0.9838469313483412,2,0,2,1
3850.0,7,85,,0.813372099760998,6,0,6,0
3322.0,15,110,73.21480326622483,0.6665243454845656,3,1,6,1
535.0,30,124,160.56148357399195,0.4273350530314025,3,0,9,0
9527.0,9,73,129.08556358914973,,2,0,8,1
9070.0,41,87,141.42467045534517,0.2048748496468765,2,0,5,2
5029.0,27,46,147.96432035175437,0.7577805254854454,2,1,7,2
2060.0,36,103,209.99150668510407,0.4322835354177305,3,1,7,2
4372.0,18,134,101.38600910916382,0.4009936922583803,1,1,5,0
5913.0,31,32,78.60060342769805,0.9000805227317642,3,0,7,0
1824.0,17,121,121.85886373902264,0.536058001462394,1,0,3,0
8477.0,6,149,132.43383044579605,0.9096193516717987,5,0,7,2
1594.0,39,74,,0.8979746593619797,2,1,6,1
2079.0,25,111,55.301790729838,,3,0,6,0
5528.0,42,127,109.29983880628338,0.950826680590182,2,0,2,2
4153.0,42,73,127.22451664123432,,3,1,2,0
8537.0,38,43,117.36940871080358,0.9671555037224916,3,1,7,0
7260.0,38,139,8.118034878453528,0.5073534258394513,5,0,1,1
8675.0,31,164,20.49552502451334,,2,0,9,0
7309.0,29,8,135.83921406371883,0.735529930470868,1,0,3,0
384.0,40,153,81.38445830760466,0.5666454768920757,4,1,6,1
5183.0,9,164,211.2286291376165,,3,1,3,0
4094.0,1,86,167.05803662770353,0.9549263633492752,4,0,9,0
8591.0,16,101,36.59350246607895,0.9346163415969164,2,1,7,1
1000.0,38,146,,0.6888934452331782,3,1,1,0
1559.0,23,74,180.02884351027808,0.6919468110410727,5,0,4,0
3021.0,8,50,77.73631836606,0.3222448240526542,6,0,5,2
,47,152,95.69111896063728,0.8457611452463114,3,1,7,1
,12,190,72.59814757436018,0.6693429997018692,3,1,7,2
905.0,10,103,43.86717805389381,0.8436239127985873,2,1,5,1
7695.0,16,84,178.8488973534317,,2,1,1,0
2328.0,47,52,-29.49869137712585,0.3693880234284535,4,0,5,2
2021.0,43,11,66.27094133379263,0.2705332624577319,3,1,5,2
5072.0,24,44,78.87703320106743,0.1692692598008399,4,0,4,2
2487.0,39,63,107.85939778017466,,3,1,6,2
2096.0,8,40,38.01518733412329,0.3556462217578615,4,0,8,1
4925.0,11,176,167.7467193709179,,4,1,5,0
5382.0,41,112,8.205014849511883,0.1527908003953944,1,0,8,0
2603.0,26,35,8.93637512433368,0.4380967585050643,5,0,5,2
204.0,7,174,102.90265549550335,0.334497893832798,3,0,3,0
6962.0,15,48,35.65234588766705,0.4333006702010018,4,1,8,0
8730.0,15,175,110.3878976885377,0.1488550867809283,5,1,4,1
1621.0,48,47,62.99531517795722,0.7517632769501019,2,1,3,0
1451.0,3,179,,0.2050275998286759,6,1,3,0
2798.0,16,138,53.60656971041803,0.1129623637133379,2,0,6,0
3712.0,15,97,172.2275386143138,0.9516601912504,0,1,8,0
608.0,25,198,131.47037572353105,0.2735887441285449,6,0,5,2
5410.0,33,90,62.09523531593742,0.8452551686009147,4,0,1,1
6290.0,14,13,131.21232023163662,0.968023539781412,5,1,1,1
1374.0,24,15,107.30079713042258,0.5807090796118858,5,0,3,1
2922.0,11,84,139.27552627582875,0.5735063440427918,1,0,6,0
163.0,3,113,129.97218318991622,0.4306755204850687,4,1,2,2
4021.0,9,122,117.96434313901898,0.4830353782978553,2,1,1,1
959.0,6,22,103.23260270496073,0.5338678572580061,2,0,7,2
1647.0,31,157,145.22369942643277,0.2368849633485663,3,1,2,1
2176.0,16,101,158.5298295740065,0.4282630515463232,1,0,8,2
536.0,11,190,106.82835004494495,0.8344975983485007,0,1,2,0
6185.0,17,34,,0.2641583076233252,5,1,1,0
3757.0,49,119,146.8629106018713,0.7568679222587038,4,0,2,1
862.0,3,5,180.34635134590167,0.6864279402413717,2,1,2,1
835.0,19,195,171.60617269899143,0.1515679977543932,4,1,7,1
7314.0,24,101,151.4928422939583,0.1201859815939124,2,1,1,0
7684.0,47,117,79.29387787699606,0.4172756163205141,4,0,3,0
4194.0,42,83,34.35628405910897,0.722953249418657,3,0,5,1
6694.0,8,33,127.96485446962234,0.3973761346245954,2,1,7,1
4828.0,49,70,127.5863509059752,0.7009599705404445,0,0,6,0
9870.0,36,185,80.15289050083894,0.6989123287251834,3,0,8,1
3829.0,40,109,33.28759774583571,0.8258991603618419,5,0,1,1
7341.0,2,23,182.7896756377216,0.1895370532334603,1,1,7,1
1176.0,23,70,121.27969592229536,0.6194160020687173,3,1,9,0
1930.0,40,116,39.58769766541042,0.156247407615983,3,1,7,0
773.0,30,184,93.65102532959328,0.258352426246004,2,0,6,2
648.0,25,163,32.81575777345947,0.3929508125705283,2,0,9,2
9228.0,7,64,134.0892117274923,0.7366503163865193,3,1,4,2
995.0,28,121,192.504074128818,0.9764901775036732,4,1,6,2
,41,72,,0.4082687329473196,3,1,6,1
1013.0,17,97,95.37571265428576,0.5690300368624158,4,1,3,0
1276.0,32,162,86.18565819472518,0.3331500358801919,1,0,7,0
7373.0,1,145,88.78017398017505,0.7079406585486532,0,1,1,2
6796.0,27,147,61.20373393965385,0.4299272811554018,1,0,8,1
4965.0,44,152,169.10214299996184,0.5334365560944498,0,1,8,0
4406.0,36,166,109.7514000849374,0.6110315882655659,3,1,8,0
3373.0,49,152,103.16914544420057,0.717618096916549,2,0,9,1
6676.0,7,54,88.6973222273289,0.1540464951607779,2,1,4,1
1622.0,3,93,36.355177305987006,0.5994109844079344,3,1,6,2
6525.0,30,159,146.91910801012824,0.4880476880329923,3,0,7,2
7577.0,1,162,171.14793415949123,0.2203885778317004,1,0,2,1
2902.0,34,188,6.9266080518818285,0.2872330014982255,2,1,6,0
3222.0,38,197,135.47235984661998,0.8955010819901238,0,0,8,1
2556.0,43,103,143.1225376068865,0.8845984081902131,2,0,4,1
1749.0,36,187,164.21025928995837,0.1299972289813074,3,1,5,0
,33,117,160.2732610995263,0.720461342112627,6,1,8,0
1243.0,43,111,231.79013259953683,0.5987685818236187,0,1,3,2
8337.0,16,28,120.01303115415256,0.9458342588325236,3,0,6,1
3414.0,38,29,149.6339094888949,0.9172051399201742,7,0,1,2
4506.0,11,185,100.62161238052808,0.6216057215671258,3,1,4,1
2709.0,8,15,59.85825785029725,0.2250594291866532,0,1,6,1
7691.0,1,98,,0.5138335213023701,4,1,3,0
3219.0,14,64,149.6897000454899,0.7526479302361052,1,1,1,1
1500.0,30,179,117.08924859613684,0.9565629715808842,4,0,6,1
9883.0,21,157,16.98773836396333,0.4274464651773243,2,1,3,0
8299.0,21,29,27.552173934117548,0.8062043283581967,4,0,8,0
9275.0,34,149,138.364749939979,0.7150066779535513,1,0,7,0
3697.0,38,144,81.71314408792914,0.1704634994280359,2,1,7,1
5589.0,26,127,117.80466464605942,0.6021791652576591,6,0,8,0
3611.0,41,184,124.13456090073198,0.2651579501854473,2,0,7,1
3928.0,14,15,94.27915301362415,0.7151943629599881,5,0,5,2
665.0,40,14,87.19578747779744,0.6490763622465753,0,1,8,0
7751.0,35,85,93.48665194415352,0.9757432824704498,7,1,8,2
9192.0,42,192,129.57451212045177,0.9418443986123284,7,1,8,2
,18,58,123.99989751667373,0.108435550238993,4,1,6,0
6877.0,20,113,60.05127013614112,0.1720264871545296,2,1,2,0
213.0,9,67,99.25819877351744,0.7922208802866051,2,1,8,1
631.0,41,24,46.96465570006902,0.7170787656784692,3,0,1,0
9814.0,45,9,125.71778754568062,0.8208510386652023,1,0,9,2
3510.0,33,45,76.72288918362081,,0,0,9,2
9336.0,49,122,135.98860643246357,0.864390491886229,4,0,6,2
5939.0,4,67,87.97854069865097,,4,0,6,1
8324.0,4,188,157.20030128154838,0.3357176362069975,4,0,6,1
8424.0,48,36,166.65298914403107,0.1095469728264031,4,0,4,0
1826.0,16,31,122.21006700917144,0.8842276313376344,5,0,1,0
5170.0,47,72,81.63783602958084,0.5818094643161552,2,1,1,0
8317.0,26,109,53.13514038033022,0.9778438753767934,5,1,1,2
2748.0,6,180,148.0816045980189,0.7432132506105336,2,0,5,2
9553.0,37,11,96.6903293763831,0.1723754291408007,1,0,7,2
2165.0,22,178,102.40750045125448,0.6293720677619281,4,1,1,0
1033.0,42,107,80.57983529917206,0.1154120858410127,3,1,1,0
1150.0,39,116,,0.6020036687916389,2,1,6,2
9108.0,7,150,153.72415093037847,0.4151814967891727,1,0,2,0
6130.0,42,170,95.76427546828998,0.678966251246889,2,0,2,1
7216.0,30,107,6.887516337675436,0.5874167856216437,3,1,7,0
5143.0,10,197,,0.3352152910730395,1,0,9,2
9029.0,15,21,32.26530657780012,0.2461155481952416,6,0,8,0
6567.0,6,94,129.5189307946627,0.4642403377075746,6,1,2,1
3702.0,24,119,122.6501621726468,0.988152683364644,2,1,7,2
6978.0,2,90,175.4127319316749,0.4921287764943445,5,1,5,0
892.0,40,107,26.170782472581596,0.7739084240400624,3,0,4,0
6063.0,15,86,171.86040696100093,0.1512761730448336,2,1,4,0
9647.0,21,130,,0.4409791879756632,5,1,4,0
1485.0,18,42,31.65434145376726,0.6222907334791035,5,1,9,1
1160.0,5,96,191.3508755716275,0.776076861995634,6,0,7,0
9663.0,25,67,93.77704149460284,0.5755452915853541,0,0,7,0
8023.0,36,174,40.43826374394599,0.5637659912207031,0,0,4,2
4238.0,10,140,151.9791537622301,0.7875162213374521,2,1,9,1
1249.0,46,34,45.55467831848763,0.3819589455870102,3,0,8,2
7793.0,23,68,157.81105492455225,0.1815494687842533,5,0,4,1
7592.0,24,13,90.4021766453328,0.4124354239156651,2,1,6,0
6427.0,45,61,82.53884746433917,0.2430966119044912,0,0,4,1
3453.0,10,111,34.91794297313278,0.96934978372009,5,0,1,2
6069.0,6,191,47.82046641870825,0.6197603927290225,4,0,5,0
4728.0,13,99,108.023263627081,0.5019403881948568,2,0,3,2
3548.0,21,199,18.039966741790906,0.9208466903409106,1,0,1,2
5427.0,32,79,134.46126522102918,0.9103252486303928,5,0,2,1
9792.0,43,9,73.75930704936687,0.4741275511667886,3,0,2,0
5149.0,15,99,80.18055105892539,0.8872546260248293,4,0,8,2
168.0,2,8,129.1582435481737,0.157623339828711,4,1,4,2
3608.0,15,12,89.79636642826182,0.8971472307992922,3,1,3,1
400.0,17,174,161.52881312062047,0.3795251756998885,1,1,4,2
6897.0,20,167,-2.517762020857475,0.6086100559065591,1,1,1,0
2700.0,6,145,140.02261347902046,0.3427197249451519,4,1,1,0
,15,137,101.204447062833,0.9863196014524056,2,1,5,1
5005.0,17,44,,0.1646019850026522,3,1,7,2
4118.0,26,23,,0.502259758102586,2,0,9,1
3182.0,22,86,129.34118850620553,0.6588893393502051,4,0,7,1
7174.0,9,129,111.41696286421632,0.6540510271035614,2,0,5,2
1339.0,12,8,,0.7648825507883594,5,0,3,0
559.0,22,132,64.72669966794764,0.7519737936898387,2,0,8,1
8082.0,23,191,46.05289694645144,0.8138284346802731,3,1,7,0
2726.0,37,150,168.29675865065394,0.3108586685407224,2,1,4,0
3863.0,14,156,141.33679243881122,0.4334558440617051,3,0,1,2
7120.0,24,111,128.43268483226868,0.4438298043822454,4,0,3,2
2901.0,8,97,78.65013356228542,0.960255694819128,3,0,8,0
563.0,26,35,201.6946458389134,0.4683806713766874,4,1,2,0
1097.0,32,62,65.27759940670833,0.2996822896342092,1,1,9,0
5741.0,28,32,81.0964085746948,0.6691099837525756,3,0,4,1
6484.0,32,141,190.64771472325265,0.4845402233427054,2,1,7,0
1778.0,22,177,97.37955357403864,,1,0,7,1
964.0,49,94,186.9054855504101,,2,0,8,2
,9,53,118.92976064909416,0.2727327579829556,4,1,7,2
7836.0,3,115,74.26110071921065,0.6700186365934135,4,0,4,0
2797.0,25,6,90.20954359990505,0.4874776387633693,1,1,7,2
9156.0,39,10,64.15972390634278,0.387250447897605,0,0,5,0
3026.0,12,33,134.66664428699158,0.9513840407385712,3,0,7,1
7642.0,29,158,161.14445345551468,0.3919667570333019,5,1,3,0
4529.0,3,160,123.36627008171854,0.4127566367349714,4,1,7,2
7510.0,41,11,114.18148328514518,0.8835745277198539,1,1,7,0
7318.0,46,38,48.03827052309758,0.2161390265879439,3,0,2,2
7125.0,23,188,154.66962508876065,0.1972618746814549,6,0,8,1
2497.0,23,142,141.9948442838416,0.3544370056760523,5,0,7,2
2321.0,18,116,113.9046080281782,0.6324723309470138,4,0,9,2
,11,61,84.93136226298051,0.4458701440991242,6,0,4,2
6604.0,36,179,102.19524368344378,0.6476990327521076,2,1,9,2
7622.0,26,31,54.50536189806164,0.2437755679399912,4,1,1,2
5885.0,8,43,26.28410578583725,0.3353057638906123,5,0,5,2
6319.0,28,154,85.0076381250744,0.6086461004312245,0,1,7,0
4098.0,18,123,56.99878080391061,0.2954342820328591,2,1,4,1
2903.0,13,151,,,5,0,7,0
4647.0,36,104,75.6024403929095,0.6153830892925206,1,1,9,1
6610.0,42,13,96.09872503648798,0.9762858120528228,3,0,5,0
9117.0,40,151,92.81524411689128,0.1718979920898338,2,0,5,1
3761.0,44,6,,0.5143725807138144,4,1,2,1
151.0,12,96,117.39487734857371,0.4566438646679178,10,1,5,0
6158.0,22,193,106.5748269837794,,0,0,8,0
3615.0,2,63,148.05738288864143,0.9102674071255908,2,0,4,1
3430.0,40,75,,0.9163118516782284,6,0,2,2
7591.0,28,74,154.2216787801529,0.4376253817374343,4,1,8,1
1774.0,13,165,92.3484619038771,0.3741896322059338,2,0,4,2
6128.0,33,197,117.0039296178442,0.5042235254095763,2,0,5,1
1461.0,3,29,54.14325313144288,0.4095876753746227,3,0,7,2
9078.0,34,74,156.80401222474862,0.7469658825113742,5,0,5,0
655.0,23,160,164.99988037391347,0.2922139437666243,1,1,4,0
7892.0,32,150,194.16578435923,,3,0,7,2
2212.0,20,67,72.8779284432088,0.9342887797940508,3,1,4,2
2310.0,28,53,126.48428179878913,,1,0,4,2
1801.0,8,127,28.01007992698501,0.7092015549299419,2,0,2,2
2812.0,3,128,5.638308673833123,0.2292050094016405,4,0,5,0
6563.0,30,198,128.17178100599264,0.2092455478875332,1,0,8,1
2416.0,25,44,94.35799264611686,0.2040800302583794,2,1,4,0
6569.0,30,89,35.74549764604038,0.224675352860814,1,1,2,1
1710.0,29,91,108.9565300892138,0.2945483832784978,2,1,9,0
4452.0,47,198,146.68204254338326,,2,0,6,2
6443.0,30,84,103.15493929070624,0.7902870837539837,3,0,3,0
4805.0,34,8,161.42387018315222,0.2141713213398242,1,1,5,0
9419.0,25,38,66.96219567925786,,3,1,6,2
5591.0,17,9,154.137183651101,0.8584446559872033,0,1,9,2
9196.0,24,154,80.81146086647962,0.7546492238526024,2,0,5,0
8455.0,38,152,161.50827986209836,0.4833692195153257,3,0,9,0
,28,107,36.44045725557753,0.1014015113429732,2,1,1,1
4810.0,33,179,111.53677318865252,0.7612884471702671,2,1,4,1
2125.0,36,38,111.43099431119126,,3,1,1,0
205.0,7,176,123.85579526115175,0.4017577385546758,3,0,2,1
4559.0,23,10,82.42900489496184,0.7461888050990069,3,0,2,2
3192.0,46,188,121.58382631009448,0.1558428529251535,1,0,5,0
9444.0,26,33,90.0856253140603,0.7385453843244785,2,0,1,0
,14,57,73.67086499127323,0.1614776687640037,1,0,3,1
9038.0,42,5,170.7046368369597,0.6284677022998139,0,1,6,0
6171.0,28,63,103.90162702847948,0.6377979573057643,2,1,1,0
,24,180,24.308431862092675,0.3719408989814375,5,0,1,2
9252.0,7,11,66.3484975663675,,5,1,3,0
3591.0,48,164,172.57436469151196,0.9544012972411936,2,0,9,1
3397.0,36,82,,0.5820196636149518,5,1,2,2
,39,193,127.04224363843792,0.6217823126114763,1,1,6,1
308.0,15,189,65.2728990492806,0.6535188001274264,5,1,3,0
3416.0,49,55,28.08976681374395,0.9019431342335396,4,0,6,1
5507.0,3,151,124.02274433059014,0.1542300800920818,2,1,7,1
7333.0,48,31,83.57070460670204,0.9039589910672796,8,0,7,2
1991.0,2,67,179.42642173483762,0.3157088577501467,1,1,2,0
9468.0,7,192,156.27719443056142,0.1701552246367127,2,1,3,2
3606.0,16,65,163.26289594105907,0.6915392669181982,3,1,4,0
2139.0,21,65,153.30433651073872,0.9792780798310152,3,1,8,2
3389.0,9,130,134.47561499596358,0.1515178596759363,3,1,5,0
9744.0,12,49,31.709788011624468,0.4835096362336293,3,1,1,2
6745.0,29,153,88.30228129030446,0.5768060728094072,3,0,9,0
4861.0,24,176,133.54370555341575,0.3269070676931411,3,0,1,2
1717.0,33,133,85.47972801825676,0.9845849342376712,2,0,2,1
8286.0,14,99,98.50008425238268,0.6768668931434447,3,0,7,2
534.0,43,95,136.23058550475662,0.8599156055620403,7,0,3,1
1746.0,18,48,152.8028511692424,0.4741999137745423,4,0,6,2
6767.0,5,66,53.87036843702524,0.4185602984303359,2,1,8,1
5358.0,15,65,133.50205045649403,0.597842105392983,4,1,5,0
7290.0,7,83,128.24806112179056,0.4917505983639757,3,1,1,1
1540.0,25,93,50.556571333187264,0.743453249623115,3,0,3,0
6195.0,14,116,79.67583665427563,0.3392362811906152,1,0,2,1
6975.0,40,115,107.4842579938373,0.5046319279831597,2,1,6,0
4543.0,36,54,169.49741470178532,0.9056194725646538,0,1,5,1
4960.0,35,45,79.26238946321212,0.7804971103089965,1,1,7,2
9225.0,44,37,120.88274779236872,0.251263148516105,3,1,2,0
,24,16,158.43832324383118,0.8981783464524378,6,0,6,0
7813.0,15,6,192.7340388277898,0.6301149314006692,2,1,5,1
480.0,11,111,111.34139211059173,0.7113584649452348,4,0,6,2
9116.0,24,153,-5.983281157018254,0.3648309092643395,2,0,5,0
9830.0,11,146,146.1707631640425,0.4973898372720917,5,1,7,0
7273.0,44,38,110.55352512657517,0.8261312310156259,2,0,5,2
1737.0,17,89,57.754212566619415,0.3976085968868639,6,0,7,2
,6,196,135.5531785561776,0.2485554539591739,1,1,1,2
624.0,21,155,193.2665687749532,0.4404744216851325,3,0,9,0
3207.0,8,89,110.449462944369,0.1622968006684493,4,0,6,1
8242.0,15,54,18.90941065144483,0.746070812636439,2,1,9,1
1193.0,32,146,172.20460488702537,0.232971317896778,4,1,1,0
204.0,10,110,101.1322218297432,,0,1,2,0
1839.0,28,50,135.6274315595076,0.8929729049985029,1,1,7,0
3226.0,15,122,,0.5864478921610939,5,1,4,0
1776.0,12,9,122.80843134262918,0.3892045965368281,3,0,1,2
8004.0,43,70,133.28415259531306,0.5929002010133972,5,1,5,0
8127.0,18,154,140.34746799410797,0.2964498936687004,5,1,4,0
5016.0,37,74,107.33309460093004,0.1226558167350491,2,0,6,0
3034.0,44,112,61.9711715810249,0.6433592310674227,2,0,7,2
5256.0,24,6,109.68401755440836,0.7427133395062563,3,0,3,2
,37,33,139.42686175096674,0.8918035889013816,3,1,6,2
9733.0,29,65,62.31969283931952,0.7946950249582513,2,1,2,0
1945.0,10,104,44.6675741128559,0.9340099304459636,2,1,4,2
3601.0,14,132,166.65138993484007,0.9873581279885832,1,0,9,0
1641.0,16,148,184.57907361224864,0.7704419029712184,0,1,7,0
566.0,37,196,101.91859838068645,0.8811309707473006,2,0,2,1
3044.0,11,101,,0.7063583529053663,0,0,6,2
4394.0,26,101,,0.2538440120874422,6,0,4,1
1691.0,40,18,-8.996922355847744,0.2635321836900565,2,0,8,1
4172.0,19,47,110.33634235660544,0.1992335106837368,3,0,8,2
3672.0,18,175,173.298649315266,0.9486772479941712,3,0,1,2
9485.0,30,74,41.28124901570571,0.7054765280554421,6,1,8,1
6078.0,32,59,36.70812052035736,0.8109187754189722,0,0,7,0
393.0,23,35,,0.3980416031419278,2,1,1,1
9213.0,12,80,76.29322191484222,,2,0,3,2
5958.0,13,172,133.35712849640197,0.1358015786530235,0,0,5,0
1438.0,21,159,166.03202022440058,0.9001066603915877,3,0,3,1
5309.0,21,56,164.85903622616206,0.8677030864704472,3,0,3,1
3575.0,29,132,132.69736345274887,0.8063302013778648,3,0,1,1
9833.0,29,11,20.44567566808975,0.1524718609130723,2,0,8,2
2598.0,27,178,,0.2568247620196904,4,0,9,1
9199.0,29,104,136.70901159900114,0.4007535919790153,3,1,5,2
5828.0,15,165,20.65064998676307,0.3367564078075045,1,0,1,0
7417.0,47,140,127.76774640262494,0.8546138546779618,2,1,1,0
,12,137,113.87483480897323,0.2753521823805579,3,0,9,1
3188.0,41,65,76.8269556753115,0.578912018805077,4,0,1,2
6381.0,19,108,-27.31910980849395,0.614242988037381,1,1,9,1
6895.0,12,192,110.08908881634896,0.4825106624462836,3,1,3,0
5727.0,23,156,125.59283941353362,0.3166191385574133,4,0,3,2
4090.0,5,11,72.19466196114985,0.9642648617930184,1,1,4,0
3851.0,26,193,45.403226971593305,0.4720593180421202,5,0,5,0
7341.0,10,87,114.6667628651644,0.7545789959829984,3,1,6,2
2197.0,22,99,27.386682367709295,0.265641838890606,3,1,6,2
3274.0,39,168,130.8430217540044,0.8405300516826054,2,1,9,2
,23,31,152.792145527506,0.2943026409103,2,1,1,1
398.0,11,128,1.993052780084696,0.7077759612157235,3,1,9,1
4534.0,28,161,73.59316115502693,0.5558464013252696,1,0,4,2
4161.0,31,91,97.56156899022496,0.2319014268832838,4,1,7,2
573.0,8,152,99.03000417203036,0.1224542765404695,4,1,6,1
5157.0,39,74,56.05034950402534,0.9376734388436252,0,1,9,2
5389.0,48,118,33.186896729539015,0.2131214622080858,3,0,2,0
,28,80,76.99300557731232,0.7344562858182233,5,0,2,2
8740.0,16,118,132.20590586623672,0.6874164630522857,6,1,7,1
2321.0,46,7,128.52390197075513,0.4075480382036739,4,0,9,2
5351.0,47,171,129.13509221697802,0.2668446095992557,1,0,5,2
3711.0,31,103,162.54949137286468,0.2604954245098733,1,0,7,0
2742.0,41,128,47.63296964200414,0.6267950677452151,1,1,8,2
2020.0,48,49,81.10117500394277,0.5922291651616409,4,1,8,1
7175.0,16,130,90.75815611090164,0.8883415183152089,1,0,4,1
6094.0,5,72,-44.12406176308329,0.6760027705707427,3,0,7,0
2416.0,35,35,111.21209884145703,0.8373474784724723,1,1,1,0
1374.0,25,110,98.51667131818571,0.1291717562073479,5,1,4,1
9907.0,13,42,43.18224755546732,0.7038938323257357,4,0,5,2
5083.0,29,138,143.56464537956597,0.3103377745866589,7,1,7,1
7934.0,27,12,140.40518481203418,0.3275550639691391,2,0,6,0
,40,32,119.99144140357495,0.7485188761804069,4,1,4,1
359.0,17,19,14.55853035514373,,4,1,3,0
3306.0,37,12,51.34956443785876,,1,1,6,1
9804.0,38,58,115.20177426490407,0.8110691351814756,2,1,5,2
5278.0,29,138,73.15220434661853,0.49937020781712,4,0,3,2
5458.0,34,33,88.4586209366166,0.8718808135333427,2,1,4,0
4607.0,30,119,44.94238623089457,0.1224133949607333,2,1,2,2
6558.0,31,38,109.5953377787456,0.1751455637333656,2,1,9,0
7641.0,22,11,175.23952917841297,0.7987166265409135,3,1,7,2
3608.0,46,44,116.1869332363724,0.661680665047299,1,1,3,1
7405.0,25,78,148.56227188054126,0.6031182282719665,1,0,8,2
5094.0,4,145,143.88065019252707,0.652580926604716,1,0,8,1
8523.0,35,66,82.0904749726482,0.9371715646799356,3,1,1,0
6854.0,41,90,90.7219335432497,0.6899833282942596,2,0,5,2
9021.0,44,120,173.53514826705026,0.6827285049938524,5,1,5,2
5616.0,9,69,136.62695176608156,0.7835237917356049,4,0,3,1
5968.0,26,45,148.04353268241846,0.879958635075844,6,1,2,0
5899.0,27,127,108.33016738192732,0.3357212304145194,2,1,1,2
3029.0,27,174,80.40218583440985,0.6550739733099736,4,0,4,0
8609.0,18,120,86.48755215003585,0.6255774671972277,5,1,2,0
1630.0,30,70,168.86401452712136,0.2213645333485082,4,1,5,2
8013.0,45,120,99.9594887639346,0.5682852765196408,6,1,2,1
9402.0,46,143,162.38245455503056,0.1625954632664188,5,1,1,0
815.0,31,105,170.2567784031575,0.2664636286621057,3,1,9,0
9633.0,42,54,146.03045466540468,0.9216667737263624,4,0,2,2
7627.0,3,75,140.18233394403853,,3,0,4,0
3412.0,29,167,184.84522672595264,,3,0,3,2
7323.0,7,84,57.71937829741239,0.3911326263937662,2,0,1,0
,18,83,79.38578737664633,0.5997819616539513,3,1,8,1
7127.0,16,24,37.03207367274574,0.3114761882071628,3,1,2,1
301.0,49,160,25.127754990096506,0.4999415092098941,3,0,8,1
,32,127,97.78422977870883,0.8806000898334345,4,1,1,1
9964.0,38,41,113.42857541962664,0.4385952800374207,4,0,6,2
9348.0,25,7,125.26800904278706,0.4177278442008421,2,1,4,2
3771.0,44,97,65.13590354216757,0.5015062713426988,2,1,3,2
8710.0,32,191,79.34742358699947,0.1904435598198837,3,0,1,2
7470.0,19,105,142.3369532519958,0.4486123221292494,2,0,1,2
2698.0,3,159,26.974646612506007,0.106210225565349,2,0,7,1
8917.0,35,36,100.63380033004046,0.5530574306340567,0,0,6,0
,29,52,165.29706999378556,0.8631469712362864,4,0,3,0
3029.0,11,50,86.71980748902418,0.5968657935528687,1,0,2,1
3483.0,6,118,78.9419213480161,0.6469526603854175,3,0,3,1
3640.0,19,99,162.14170012717472,0.1275070341337897,2,1,8,2
493.0,37,51,29.31331763697128,0.8735634821044677,3,0,7,2
,45,44,59.79857307569692,0.4465031975202327,3,0,7,0
6877.0,27,135,61.71971172430818,0.977367412546036,1,0,5,0
8923.0,5,120,134.71074105661268,0.2084188325772339,5,1,3,2
421.0,26,161,19.79716617085687,0.950204696306714,3,1,1,2
4769.0,35,95,161.680850578977,0.6708618157026907,4,1,1,1
1793.0,19,62,98.66943057199175,0.1471062702615347,4,0,6,2
1163.0,17,182,152.28978436097037,0.9745291700530582,2,1,4,1
8021.0,35,14,162.04125344816427,0.1124857613307377,3,0,7,2
,47,65,60.72003081593186,0.7576301518218921,1,0,1,0
9768.0,49,115,100.91688443999698,0.9005769535492851,1,1,6,1
3361.0,13,125,88.59639504709152,0.2582303988071416,1,0,7,0
3186.0,14,65,96.7277350188638,0.4090214716280276,4,1,1,1
3911.0,30,155,71.52001714263473,0.6051064064849742,3,1,2,1
3451.0,48,10,155.7082824437872,0.7118283572604667,5,1,9,0
7180.0,43,79,90.6969550648991,0.8846882810151349,2,1,9,0
9250.0,17,192,83.29347952312744,0.7849634237904753,7,0,6,2
4243.0,37,119,156.1773371976035,0.426998029437044,6,1,4,1
6432.0,15,159,141.8086189445621,0.8395478306080015,6,1,7,2
6547.0,18,187,114.37726709522488,0.969469048978312,3,0,5,1
9874.0,48,35,80.38062100496299,0.3042875631174724,3,0,3,2
7963.0,14,127,173.23053422417067,0.1666860341089864,3,1,4,0
3276.0,14,162,47.15753728904374,0.4839577587477064,2,1,2,0
2516.0,45,71,153.61915804585985,0.8932573935617958,5,1,6,2
7768.0,33,17,131.3226541402469,0.2352623543912752,2,1,3,0
8751.0,38,63,36.67984209138335,0.897218369093809,4,0,7,2
2411.0,11,58,103.6952589840052,0.99299172136255,0,1,4,1
1329.0,11,108,33.9627858689548,0.1486020077948407,2,0,8,1
1630.0,48,25,82.60492785366016,0.5457307364699355,8,0,1,0
9679.0,26,47,114.00796440545965,0.3959969452419252,3,0,9,0
2897.0,3,15,49.284824509074895,0.4543118694381799,2,1,3,0
1463.0,25,113,-17.388985383523647,0.5064712771116777,2,1,3,1
4602.0,17,71,93.6123151769095,0.7657335608060708,1,0,5,2
552.0,22,170,110.72780714246257,0.6321697328540586,3,1,1,0
,29,99,81.1512258411991,0.9650809793951024,2,0,3,2
6096.0,46,156,99.23052713819114,0.3994881393155807,2,0,4,0
677.0,26,110,91.01926232947868,0.5873536742344685,3,1,2,0
4019.0,34,55,49.116631011838976,0.8319956778403274,5,1,6,0
7417.0,26,193,197.35590081975877,0.4357255752943122,1,0,4,2
3364.0,9,50,115.84937755879466,0.5187692805498186,3,0,1,2
2031.0,40,47,78.70850901934493,0.7164770974167041,4,0,3,2
4342.0,11,31,58.76080049798771,0.8746697967438758,4,1,7,1
8281.0,7,89,80.12177735217753,0.4741133233814458,5,1,3,1
282.0,30,162,81.75199086977618,0.5787554249320661,5,1,6,1
8527.0,2,98,101.90764723023356,0.977610056761755,0,0,6,2
,30,131,,0.1382222457523036,4,1,1,1
3105.0,4,195,59.77150760199493,0.5034058449935901,3,0,2,0
,14,14,108.88620289769862,0.6723836660162804,2,0,6,2
624.0,13,135,139.98188365053738,0.1075847118059126,3,1,2,0
5759.0,25,64,66.30762763824603,0.6371078514097731,4,0,2,0
2470.0,13,31,66.02021165473238,0.150579959196708,5,0,4,2
9576.0,13,127,24.54475451016133,0.871802556983365,5,0,8,0
1735.0,37,177,184.06054697964132,0.8263774859577093,2,1,6,2
4532.0,44,66,125.39627766398978,0.1290296231187366,4,0,8,1
7567.0,6,156,71.48096762000479,0.1439236221016385,1,0,4,2
4314.0,26,50,69.31573165617634,0.7782525384054422,6,1,3,2
9873.0,14,130,48.43089174703065,0.4325904033204794,5,0,7,0
,8,176,107.85501824450569,0.6175232091444923,4,1,7,0
7950.0,24,67,82.89246854084112,0.3432954427888455,1,1,2,0
4041.0,22,8,54.13074108625614,0.2556719884936898,2,0,1,0
8487.0,40,20,61.41310332460035,0.3664694057928054,3,0,8,0
8624.0,39,183,,0.3220423302015893,5,1,3,0
3191.0,49,78,80.92826619824382,0.503476694415401,1,0,6,0
4818.0,21,116,38.59727438138758,0.7720085487589176,0,0,7,0
8949.0,43,105,103.23396654686994,0.598716467134261,2,0,8,0
8995.0,26,180,65.68789583991779,0.6482604771457466,2,0,6,2
5652.0,10,197,132.30362421560253,0.5230707368122759,4,1,7,0
5078.0,13,49,175.34709412545354,0.3922602761825347,1,1,5,0
9741.0,42,135,3.127601350319537,0.2291579428244391,1,0,3,2
1352.0,14,21,64.65296056441468,0.4191089132026009,3,1,2,1
8815.0,9,169,106.9258224367366,0.6986787545924786,5,1,7,1
2522.0,7,9,96.1773629674759,0.7603996806314384,2,1,8,2
,39,179,162.59255659495136,0.5222633895173922,1,0,8,1
9067.0,31,48,99.0349262349087,0.6804975471247411,3,1,3,0
127.0,16,165,110.21747150182418,0.289486973695827,3,1,2,0
7639.0,8,25,121.5414885257298,0.8740596886515607,1,1,9,0
185.0,48,199,65.95783554875304,0.8793428056087822,3,1,6,1
,15,72,125.75984982082576,0.3882951345452728,1,1,3,2
4381.0,25,36,120.27876409831588,0.5929410153654345,4,0,5,0
4753.0,47,28,105.15972180431736,0.6459958255736973,2,0,1,2
8133.0,38,167,,0.525187034906176,1,1,2,2
7764.0,41,150,61.94986680535281,0.9200279382020085,3,0,9,0
5166.0,15,71,,0.7657452521138639,3,1,3,2
356.0,25,107,95.24391626553108,0.7052594433478594,5,0,8,2
1547.0,7,58,137.4491875144722,0.5680838993821365,3,0,8,0
5800.0,26,158,137.84873733262708,0.1763625969448681,2,0,5,2
4699.0,8,192,117.22955141402728,0.1970392398580869,2,0,8,1
3443.0,18,129,137.8564069704087,,2,0,2,0
793.0,21,121,125.00470315676836,0.290370041532022,1,0,2,0
8774.0,16,69,73.68501255068605,0.9572778747171948,1,0,4,0
3765.0,47,183,99.7086946596167,0.4688312667865588,4,1,8,0
2774.0,3,118,45.0571493903727,0.8889448947928767,6,1,2,0
450.0,1,192,174.66970476596234,0.8362717152996083,2,1,4,0
8940.0,13,191,37.27662568584796,0.8313132454633855,2,1,8,0
7144.0,32,80,-4.205610447860963,0.2941367726321664,3,1,3,1
8519.0,12,21,206.033234091556,0.5025896317007339,2,0,8,2
2163.0,31,153,95.35728649200352,0.3861567924824255,4,0,2,1
6029.0,41,199,144.73772882624036,,2,0,1,2
8716.0,2,112,136.64696185643822,0.889069871166103,1,1,6,0
7513.0,41,32,152.269910512379,0.3249312948757837,1,0,8,1
1921.0,8,48,129.55666731729843,0.3821683247291454,3,0,9,0
4989.0,25,194,129.8691711614806,0.5760183138200421,2,1,8,2
1685.0,5,174,-17.000318825107158,0.3507452066182444,4,1,2,1
9970.0,45,98,51.819017129705145,0.8420769699282201,3,0,1,1
,2,26,-31.39234971341952,0.8373081501143301,4,0,7,2
2380.0,42,42,59.00395999127437,0.7519063940463389,3,0,7,2
3849.0,38,18,73.34755497518506,0.7203791842804388,2,0,3,1
2638.0,39,115,94.17105773601315,0.5925713567454474,3,1,6,1
9308.0,3,126,52.61335850570808,0.4124010313974855,2,1,7,1
543.0,46,158,82.37861839991162,0.8532446074959181,2,1,9,2
2167.0,48,172,74.10540987627894,0.8729489541265951,4,0,1,0
,38,58,117.2707144907626,0.1445585219777506,1,0,3,1
2634.0,22,145,137.9562770614923,0.4587574725316714,2,1,5,2
188.0,40,131,110.7103802888921,0.123964822405202,4,0,3,1
3490.0,33,23,131.51554212290162,0.8555296552296712,2,0,8,2
5337.0,32,46,109.54199412617078,0.2593839218698376,0,1,6,1
6677.0,47,45,159.35013341874298,0.7064800883348794,3,1,2,2
2041.0,17,54,193.20734494696217,0.421638235924933,3,0,1,2
3410.0,18,135,-22.312908995779157,0.8344589079089485,1,1,5,1
8363.0,3,163,156.6602358880777,0.5587182102283881,7,0,9,2
921.0,6,80,35.51996126963229,0.3919617320064011,6,0,9,2
8172.0,49,147,109.2899312903311,0.3914836005256664,6,0,1,2
,13,186,113.06776167481344,0.3942345181794201,4,0,3,2
8695.0,31,185,130.42180627341796,0.8097212952273727,6,0,6,2
1798.0,17,177,97.4532282341992,0.7400040389440061,5,0,5,2
7462.0,21,170,99.75596278736096,0.3872926966118797,3,1,4,2
5791.0,16,103,117.16982141997816,0.5411872800492428,1,1,2,2
5829.0,17,54,82.69290857012936,0.1685380469763928,5,0,4,1
2053.0,32,156,5.027237418595988,0.8447502415234808,4,0,5,2
5063.0,1,149,99.91231725591292,0.3393593284993713,1,0,2,0
6086.0,48,150,62.55856871495555,0.9003026276548272,4,1,1,1
7852.0,38,46,58.28581597854179,0.6371170237116335,1,0,7,1
5091.0,8,149,53.42161851123401,0.6110381459944382,3,1,7,0
3901.0,1,20,1.437314544675985,0.2464468680827994,5,1,8,2
8547.0,2,89,80.01642703708369,0.1625818236310148,2,0,6,0
2031.0,47,56,100.03991343262206,0.5973549228836441,7,1,1,0
1211.0,37,40,138.40052046903892,0.5211902109297016,5,1,8,0
972.0,24,111,70.46355875778823,0.2077147302195363,2,1,2,1
8054.0,27,171,178.87580758287567,,2,0,3,2
4687.0,20,85,129.1878794113028,0.4755161072581435,6,1,8,1
6579.0,47,157,43.94570206194981,0.3344120203517983,1,0,4,2
1661.0,21,119,75.58578284948157,0.8094448838317495,1,1,5,0
5626.0,42,46,201.0771822347564,0.9217577410992432,2,1,9,1
4557.0,37,153,137.9976209189688,0.3753664328701361,2,1,7,2
5660.0,35,72,73.65578324097878,0.7983548968614825,2,1,7,2
7981.0,38,191,144.63280787631618,0.6872676913076621,1,1,1,0
9185.0,15,128,36.93917991236388,0.9907550053786826,2,0,1,1
7815.0,46,34,72.36614074838016,0.2835934366701048,2,0,8,1
2784.0,42,189,-16.497235406430207,0.964611095055809,2,1,1,1
9538.0,30,37,130.18524471377043,0.3837448510389007,8,1,2,1
846.0,4,107,41.722073429886045,0.470758868263875,2,1,4,1
5343.0,43,57,95.97111824099532,0.4229432327309813,4,1,9,1
6926.0,39,148,22.678223330150143,0.3416056273795383,3,0,7,1
4185.0,15,181,110.02079561024084,0.7239003232872642,6,0,7,0
6217.0,23,137,96.29216543589396,0.6302307886532601,2,1,7,2
,41,110,26.308150407452946,0.3751227511228868,1,0,5,0
8229.0,15,81,76.13308873989935,0.2189912108664486,2,1,1,2
4410.0,26,98,106.65986279137783,,3,1,5,2
9182.0,12,64,122.2590271449071,0.4431081805154648,5,0,8,2
2976.0,18,115,179.16508271809056,0.4425880988089631,3,0,7,1
9923.0,6,59,160.89374017812258,0.4215335803863314,5,1,7,1
2126.0,18,95,65.24746082912169,0.1438502556008232,1,1,2,2
5656.0,24,167,64.63761098683594,,4,1,1,2
,38,46,28.468016823723048,0.8525872875207763,2,0,4,1
5341.0,28,73,49.51304933833936,0.2623296626726666,3,1,8,1
5769.0,15,28,143.007770502952,0.2310916090847074,3,0,1,2
5499.0,19,122,20.544179085818385,0.5246659497203301,2,1,2,2
9033.0,5,187,92.25358981763225,0.4335427109350103,3,0,7,0
3108.0,4,146,84.9224978982507,,3,0,5,1
7595.0,17,59,62.10830251135619,0.9523668786966905,3,0,6,1
3762.0,10,19,34.8841043848695,0.7847976252995242,8,1,8,2
5520.0,12,9,5.282440228930838,0.718352337863168,6,1,9,0
3011.0,5,105,35.33367205902874,,1,1,8,1
6997.0,7,136,95.8447956513776,0.3586238527434714,3,0,1,0
5585.0,44,34,129.88286692752584,0.5862376929662928,3,0,4,0
5938.0,23,57,180.5965752876336,0.896899174895154,2,0,5,1
873.0,2,77,116.72416714124898,0.8890682594602344,2,0,9,2
2244.0,30,34,129.63881817605858,0.5009634538742954,2,0,6,0
9284.0,49,108,180.4108023204477,0.3215983179128829,8,0,6,2
6080.0,45,109,116.91646050908918,0.3028100052257881,3,0,3,1
6497.0,37,112,149.15394054066002,0.1305895750834379,2,1,2,0
8241.0,5,88,81.02040577203768,0.8583978216663518,5,0,2,2
3337.0,20,96,136.062554438598,0.3383542304499591,3,0,7,0
8295.0,26,193,110.49987428386748,0.42309922690555,3,0,5,0
5682.0,44,75,87.9078004157333,0.828294526840658,3,0,1,0
6388.0,44,72,177.36011081656932,,1,0,5,1
8456.0,39,59,39.84542856166382,0.5151106709328696,2,1,1,2
1997.0,6,103,57.00444021293955,0.2101072419291996,2,0,9,0
5533.0,29,101,158.88023388086364,0.4976637125601921,6,0,8,2
2667.0,10,75,148.55745287833372,,3,0,4,1
8230.0,16,77,,0.5658605434121096,1,1,1,0
5817.0,34,174,116.98468448631328,0.8161387471642498,2,0,8,0
6852.0,31,81,125.86920064553372,0.7086670073120354,2,0,5,0
2659.0,36,161,,0.5582521086196605,2,1,1,2
9630.0,41,167,112.05780500810152,0.8458828409342398,2,0,2,2
4737.0,5,177,57.97644599410384,0.3050091774632737,6,0,5,0
712.0,33,112,161.9115985766539,0.8477166564858508,3,1,9,2
7846.0,43,94,89.79743012541954,0.3487271316293585,3,1,8,2
1984.0,19,103,50.47114342441624,0.4262377070806856,5,1,8,0
4124.0,32,161,106.70484794564972,0.2155871814944432,2,0,9,0
3234.0,23,7,117.1606548973556,0.191579280725997,2,0,2,0
9347.0,3,189,119.7677467841322,0.938900366907022,1,0,7,1
1722.0,1,198,148.63926519649604,0.2709804224664796,4,0,5,0
3382.0,36,123,81.00958099490163,0.3999665395557529,2,0,3,0
2710.0,41,154,96.74215519696138,0.5762365290549399,2,1,8,0
3169.0,28,115,57.80235891149187,,2,0,2,0
6586.0,48,159,111.68592019391907,0.8831199550409011,1,1,4,0
1355.0,39,26,57.06751854966347,0.9106432871020952,5,0,5,0
2760.0,5,120,70.50416708296032,0.3933914116541686,5,1,5,0
9334.0,13,117,149.17256951441735,0.1828249265500421,1,1,4,0
4552.0,11,181,106.82399118940712,0.2891424106064593,0,0,3,1
9734.0,46,28,171.22829703351584,0.5269536286615575,1,1,3,2
7202.0,22,31,158.83587641312823,0.3596329380103551,0,0,5,1
4276.0,49,40,110.78719278152562,0.5081250137783905,1,0,6,1
3786.0,23,111,,0.7828331497487854,2,1,1,0
5337.0,12,149,88.07521209035541,,3,1,4,0
7761.0,21,60,152.19537039321455,0.2772977105871448,2,0,6,0
890.0,19,14,118.15622270525073,0.4221708765264391,3,0,2,0
8516.0,5,58,145.47804666188912,0.7686830963336798,3,0,5,2
3134.0,24,85,67.65677381402124,0.4816559081924001,2,0,9,2
325.0,30,112,31.94633000119296,0.3245840676739348,3,1,3,1
5448.0,8,170,125.11272979393496,0.4846704752865987,4,0,3,2
6566.0,2,85,135.1396554290544,0.5093260189143938,4,1,9,1
3279.0,49,131,103.75947890903934,0.3667394842993434,1,0,3,0
9103.0,34,102,128.93081988689704,0.996116580273735,3,0,4,1
4323.0,23,136,57.4000039572228,0.7908634169997916,5,0,9,1
7620.0,3,182,146.9649001678247,0.7232094882586838,9,1,4,2
4166.0,24,65,158.58593557598851,0.8693802861131297,3,1,5,1
4462.0,18,153,151.03408922479798,0.6997772761889014,4,1,2,0
5123.0,47,40,106.19842830777424,0.8118823087496009,4,0,8,0
4409.0,37,106,,0.4712730800668506,4,0,9,0
346.0,49,50,42.85659382342356,0.550334592918395,1,1,4,0
5837.0,31,99,128.6736068457572,0.1422967449725644,2,0,3,2
1718.0,14,75,135.82250460173023,0.3525817522679342,1,1,4,1
8712.0,1,48,,0.4312111683099844,5,1,7,1
5260.0,14,68,52.9815026133406,0.6629232028773967,3,0,1,1
1471.0,41,150,111.46790296924956,,1,1,2,1
7828.0,5,17,,,3,0,5,0
4338.0,31,17,2.130031616366267,0.7419946010624936,3,0,9,2
2712.0,31,29,41.114303983594034,0.1384468009009034,4,1,6,1
2180.0,30,9,158.06290866549546,0.332449972303253,4,0,3,1
6019.0,36,132,80.10427906932586,0.2538134852902591,2,1,3,2
4424.0,1,43,152.806526599956,0.2687096072538741,0,1,7,1
7897.0,3,161,157.182540540854,0.5528128560687924,5,1,3,2
2835.0,20,112,127.31203793066538,0.7659808988499327,2,0,3,1
6183.0,43,189,69.2784434749648,0.3454993305328396,0,1,7,2
7452.0,48,178,147.2117290242807,0.8420043143221411,3,0,9,1
9121.0,43,165,110.67781613006566,0.9032108654877165,0,1,9,0
3158.0,21,142,102.23339668125418,0.4154804848183171,2,0,3,1
9141.0,30,190,54.41965247874291,0.7132208850588027,4,1,8,0
5434.0,42,29,,0.2053443646765973,2,1,1,2
1253.0,44,78,55.14724523628755,0.7696254569372397,7,0,8,0
5040.0,30,43,147.9565084480093,0.2485214879289569,0,1,2,1
3179.0,5,20,176.71846356250947,0.7186742233939187,1,1,4,0
502.0,10,192,146.1842716243749,0.479710003114166,2,0,7,0
3075.0,24,160,109.94614384524264,0.9356106894566868,1,0,6,1
9894.0,45,176,84.6581120318836,0.5180145236491576,1,1,9,2
7636.0,39,190,123.8208093157334,0.1278125357208352,3,1,8,0
,48,36,79.14619931696993,0.5326021326213073,2,0,2,1
6860.0,6,67,98.43190641258876,,3,1,4,0
1080.0,10,97,58.9266034279963,0.6823758977981649,1,0,1,2
6780.0,42,49,132.53204211986014,0.9696836769532066,3,0,7,2
2484.0,43,57,135.04541269768055,0.8589452410582712,2,1,4,2
9090.0,10,193,145.44278179965954,0.5738964966078066,3,0,8,0
1466.0,25,54,127.8892804370284,0.2858685090448583,2,0,2,1
3038.0,14,159,124.39850702948476,0.1033971668399107,7,1,8,2
1362.0,47,30,47.80889836597303,0.9824521573012314,4,1,2,1
7759.0,39,135,,0.9444877284724033,7,1,8,2
6287.0,13,94,116.55280965421048,0.3467295946676736,2,1,1,0
8595.0,11,43,155.0448948616226,0.6743942076013544,1,0,2,0
9985.0,39,197,86.63842325427844,,4,0,5,2
2416.0,11,167,100.28043917275782,0.6202121149293355,2,0,1,1
8009.0,46,57,100.79980393886144,0.858665507354288,5,1,5,1
1021.0,49,178,7.835583086424279,0.1700421835888124,2,0,5,2
7214.0,16,26,112.02122093474046,0.906844630735192,2,1,7,0
6674.0,33,192,72.50739859469606,0.4528171100498429,1,0,2,1
8712.0,41,138,130.55402154469783,0.5326210194173123,1,1,2,1
5629.0,41,56,98.433135503643,0.500260285379505,5,1,6,0
3909.0,32,79,91.0368732164762,0.5781576006724194,2,0,3,1
1266.0,10,77,92.12604805608278,0.6383516246971781,3,1,8,2
8831.0,15,33,83.64901773209664,0.7393090896812727,2,0,3,0
6368.0,16,175,31.92258291249891,0.5724463051676837,4,0,4,2
5431.0,43,126,147.66742806673636,0.7162959304080012,3,0,7,0
5129.0,27,166,68.30480266130645,0.4044676992316305,5,0,1,2
1560.0,49,163,76.61238782450795,,2,1,1,2
4787.0,45,90,103.95327272132543,0.1580779178197922,2,0,9,2
5457.0,32,50,44.222350556426285,0.5909865477049842,4,0,6,1
4839.0,6,8,75.04601206470082,0.1786565584195432,3,0,5,1
427.0,47,6,195.8246509245122,0.4984903324332373,2,1,2,2
5338.0,48,137,116.8367182344888,0.3318241218875469,3,0,2,2
8643.0,36,50,57.109858691724575,0.9432131046243828,2,1,7,0
5232.0,8,83,-4.066985766583045,0.111767847747349,7,0,6,1
4832.0,25,151,150.0697121466246,0.4520832680273113,2,0,8,2
,7,170,49.39583604035498,0.803838474736259,5,0,3,1
5391.0,17,63,72.85651200483485,0.2696152713863192,2,0,3,0
8525.0,48,76,79.18828590187502,0.8340293841996276,2,0,5,2
3222.0,30,24,54.34353468583266,0.8737525790423414,5,1,4,1
4976.0,2,57,96.18818433608492,0.737202699681193,3,1,8,0
2828.0,17,111,72.42944089507452,0.2881622641835537,5,0,6,2
9224.0,4,59,,0.3448347909234061,2,0,8,1
8095.0,26,171,107.02758488258978,0.2502412558258258,3,0,7,0
1923.0,14,125,171.60642700787506,0.2656573634812597,0,1,2,0
3600.0,8,168,172.61759207736475,0.1328430668278378,3,0,9,1
4173.0,5,190,52.25915552861303,0.8715835730784398,3,1,6,2
9152.0,5,19,83.6492398368587,0.5756520586850522,4,0,6,1
1330.0,5,5,,0.3949833014983465,2,0,2,0
4495.0,27,99,42.07702534890764,0.3606192964570672,2,0,9,0
6151.0,5,141,139.8812642589235,0.5902266668028278,3,1,1,2
1576.0,3,155,127.399894096816,0.3940163396109541,7,0,6,1
2123.0,38,184,57.55251393458225,0.8773461775093132,3,1,8,2
2696.0,30,158,59.96505942251201,0.2898616915332197,0,0,2,2
7940.0,1,192,192.2471931100722,0.8940716122715674,4,1,3,0
7221.0,8,22,191.24763116384,0.6976832077030862,3,1,7,1
2530.0,13,109,121.49578202115522,0.9609662984094732,5,0,1,1
8054.0,20,190,30.689783707918167,0.1135965174721241,6,1,5,0
7043.0,6,69,162.8428934852945,0.1531860091400408,3,0,6,0
633.0,48,81,30.478235261165025,0.5508051345429159,3,0,7,1
1356.0,8,120,135.759951265326,0.9211409470288436,3,0,7,2
1757.0,30,73,19.036886292994964,0.7577154563771306,4,0,3,2
9444.0,49,146,100.3809251693287,0.6599223392674,1,1,7,1
1852.0,40,178,144.2490391451195,0.1284419400941654,4,0,1,2
,15,79,-41.267920551571706,0.4187474095713484,4,1,4,2
6813.0,10,164,73.58104447743185,0.4112676036125715,5,0,7,0
3078.0,33,55,,0.5878771140339152,2,1,7,2
4432.0,9,19,82.79097767455046,,2,0,4,0
3753.0,49,185,66.44627122867325,0.340440143659984,2,1,1,2
3113.0,33,73,93.32622653287224,0.6587747200690834,4,0,8,1
,9,19,151.8761911568434,0.9501107889827408,1,0,4,0
7752.0,14,34,168.44774534894628,0.6941611932730257,4,0,2,1
,32,82,135.25105823368423,0.7013171115829316,0,1,4,0
4966.0,37,156,177.6680630607184,0.987593332049304,7,0,8,2
1864.0,6,39,73.2609714524617,0.2381303503628111,2,0,8,1
1222.0,5,73,129.83923285972102,0.1304512967803243,6,1,5,0
3930.0,4,144,49.057672960693466,0.7709625556716684,0,1,2,1
6800.0,48,50,246.5562224218924,0.4949086898708849,2,0,7,1
3058.0,16,130,105.007353134747,0.4859410192768056,5,1,3,2
9714.0,10,168,140.20534655194083,0.3027730387267291,3,1,6,0
1640.0,31,89,11.876754613268304,0.5561767364671347,2,0,9,2
8814.0,31,52,139.06672729560557,0.4979551093523859,3,1,5,1
5567.0,14,71,105.68496195148836,0.4109050070616957,2,1,9,0
,13,186,123.20524500970282,0.498470643404577,4,1,4,1
5770.0,4,93,100.67860910123254,0.4454512936506009,2,0,9,1
1838.0,46,168,94.01014162746456,,3,1,1,0
4289.0,26,56,84.59257128870411,0.9822264917282518,2,0,4,1
2633.0,24,26,95.51712110446414,0.8559108392605786,2,0,1,0
5369.0,9,170,173.4137629228644,0.9913726819109124,6,1,9,0
8790.0,35,103,81.63083552892265,0.339147486126262,4,0,8,0
2518.0,42,194,212.93918767597592,0.8586325989270457,1,0,8,1
5176.0,15,197,,0.4659661107123589,5,0,7,2
584.0,24,135,169.99835148802367,0.771522757999978,2,0,9,1
764.0,31,92,157.19630528776295,0.2812533765674259,1,1,3,1
3554.0,19,140,21.82815593867474,0.8307604807671766,1,0,7,0
727.0,2,122,32.40661662838963,0.1751179835412275,1,0,6,2
,2,43,66.08846133963864,,0,0,5,0
9023.0,41,22,22.81581473443876,0.83975735516244,3,1,9,1
4387.0,36,109,79.34689070000994,0.7724432996396663,4,1,4,2
9536.0,37,135,101.4058977799244,0.5511220794921603,4,0,3,0
5266.0,34,150,132.43047333944648,0.705513496861188,8,0,3,1
3974.0,39,84,109.02882072888394,0.2670166220463367,2,1,2,1
9431.0,19,121,100.261989230363,0.7009872601116519,1,1,1,2
4640.0,38,5,151.187064502653,0.1071785506073432,4,1,3,1
7576.0,23,121,144.49415877091917,0.8498942806433555,3,0,8,1
807.0,16,132,195.3920623222197,0.5646588471990492,5,1,6,1
8724.0,46,30,109.33119220437476,0.9494906064486236,2,1,2,1
8764.0,44,184,-20.548909927384145,0.5303478405905037,4,0,8,2
147.0,6,16,121.35993088288406,0.4897785540937069,1,0,5,1
2014.0,26,42,213.45156068334944,0.5050475311580327,6,1,4,1
1205.0,22,89,151.29930469405963,0.4237557582477664,4,0,1,1
3280.0,45,173,162.76500347269132,0.2500075754583886,5,0,1,2
8649.0,47,57,,0.8578564542509551,3,0,4,2
667.0,24,17,145.6568324463246,0.4501768669824654,2,1,9,0
8771.0,46,132,165.39642661790674,0.5761975853699727,2,0,6,2
966.0,40,80,83.2874842523543,0.1178982248170927,1,0,1,1
1128.0,21,17,74.96085251667621,0.1542284854425991,4,0,8,2
1913.0,30,150,122.73515310130036,0.63746490653006,3,0,9,2
3828.0,11,151,148.46307651357355,0.8913052742622479,2,0,2,2
5613.0,9,151,-37.76845156307087,0.5440562452234671,2,0,6,1
3626.0,12,52,90.26103165121349,0.248477122544557,1,0,7,0
4903.0,26,75,2.3272875217161584,0.204514582929372,1,0,1,0
6669.0,38,160,93.87113855887516,0.9098092012536316,1,0,5,0
1150.0,3,96,,0.7314740686137313,5,1,5,0
8418.0,33,151,68.79908204007837,0.9695759990603114,1,0,3,2
6378.0,15,90,85.69578620643018,0.1741137592095096,3,0,2,0
1752.0,47,87,133.09678840138403,,1,0,1,2
,5,52,149.68926668210824,0.8610690812741343,2,0,6,2
4808.0,24,33,147.80833165304267,0.9038666646317384,1,0,7,0
9576.0,11,180,101.86589757544084,0.1051866609464255,2,0,2,1
5418.0,33,23,128.52334203087156,0.7677131324744753,4,1,2,0
5959.0,23,103,126.32916634251004,,2,0,5,0
6715.0,10,51,64.81271489019228,0.6158614903825778,2,0,5,2
8470.0,43,93,12.447731407645406,0.5222817886174801,2,1,3,2
6693.0,28,64,55.14878640365868,0.7684092259733973,0,1,3,0
3695.0,39,180,,0.9998553614287642,3,1,1,0
5010.0,17,152,210.66065925936985,0.7394845233467471,1,0,3,1
3354.0,44,151,95.4490796873112,0.7102453744353906,5,0,9,1
4553.0,26,46,170.00900237840952,0.6889939441120728,2,0,2,1
2523.0,25,81,85.13009127431732,0.7256905028626218,3,0,1,2
8208.0,36,80,117.45165578576308,0.4079012206877492,2,0,9,1
4897.0,12,181,69.28975141262654,0.3881977692997769,0,0,5,2
7081.0,3,147,150.72742689988152,0.8059041804434557,3,1,8,2
8037.0,29,192,68.06920567033426,0.147779215617669,3,0,4,0
6781.0,44,72,55.36932504795718,0.7833229643830455,3,0,8,1
,24,83,102.3375494153421,0.8324574266526117,3,1,5,0
4277.0,19,159,140.83832093951594,0.569438163627641,4,0,6,0
3529.0,13,79,108.18265559541776,0.9191332858717136,0,1,6,2
284.0,16,187,76.54866325172652,0.5257786934324661,4,1,6,1
3233.0,40,91,55.016093919170665,0.26027800128626,6,1,2,0
5078.0,27,19,15.65541389209062,0.4252587838360055,3,1,9,2
8798.0,6,184,77.18734563566986,0.9152807553379776,2,0,7,0
6237.0,42,163,92.35430821005303,0.9943644594919484,1,0,3,1
2032.0,10,94,127.69802792825342,0.4796685702905351,3,0,2,2
6274.0,38,11,,0.2501618910342921,7,0,4,1
5512.0,8,17,133.40937998684507,0.357696352210724,4,0,8,0
1296.0,18,186,70.2920785795807,0.5979667082625676,2,0,9,2
5347.0,32,17,74.31147025590833,0.6148863264494319,3,1,2,0
4281.0,17,152,162.4359883316252,0.667053466024222,1,1,6,0
1438.0,42,14,-23.867420313574144,0.8518180353152922,3,1,8,1
6271.0,2,128,38.6585530393872,0.7400927365192249,4,1,3,2
2720.0,44,184,102.28227791782948,0.3347562038522562,3,1,9,0
6646.0,20,169,99.75145021406694,0.4555396546264003,2,0,4,1
8974.0,10,184,14.900774468221556,0.8558349254236122,3,0,5,1
6031.0,9,130,75.28964755699724,0.6700444035451399,2,1,7,2
,48,31,147.900759186635,0.2497762434202511,5,1,5,0
9709.0,39,166,41.858478314781934,0.3929849236722866,5,0,4,2
118.0,41,104,154.03761384491796,,3,0,4,2
6071.0,25,194,64.1919871465854,0.2548847109910425,2,0,5,0
564.0,25,20,6.353797015793461,0.7219455874487015,5,0,3,2
8982.0,24,63,140.9542759619826,0.6071828826084158,3,0,9,2
9302.0,6,25,112.53458878874768,0.2327274157610306,3,1,2,2
5410.0,30,20,26.70316871880668,0.7199910316278427,2,1,7,1
8179.0,10,17,72.86105102562905,0.2281140735896527,2,1,4,0
4120.0,39,37,186.24815408519012,0.4585920211987131,1,0,8,2
262.0,31,186,132.9176171222225,0.3777039320720683,3,1,7,1
9927.0,18,73,155.7693029632614,0.7210089574182618,3,1,8,1
394.0,43,159,43.084116578772246,,2,1,4,2
8870.0,33,56,161.26392258334934,0.2514849237603221,3,0,2,0
7340.0,19,69,28.80234950901365,0.8307970683390475,3,0,7,1
6944.0,23,48,30.3840399323998,0.106492650395102,4,0,9,2
1685.0,5,162,141.75596567424265,0.5770526926082797,2,0,6,0
3480.0,26,155,33.445978552532324,0.5651100008872065,6,1,7,0
5527.0,29,83,175.87804772610644,,3,1,6,2
6912.0,24,20,37.37950610583086,0.3157304773012075,2,0,2,1
,6,187,,0.1088711469371812,2,0,9,0
9133.0,39,22,157.65857817753707,0.5092866245272595,2,0,5,0
6443.0,4,21,68.96239451155556,0.164265590132429,3,1,3,0
3031.0,48,56,139.75774122525354,0.9029744981261814,1,0,4,0
7141.0,42,177,44.33068180352182,0.2562996931202561,2,1,4,1
5799.0,26,60,86.16996302372267,0.4827096707487945,3,0,9,1
8737.0,15,97,137.04324581284135,0.4906003512163454,5,0,5,2
8371.0,13,186,57.713794102327874,0.5975781830543843,1,0,2,2
4940.0,40,13,151.1363422678998,0.8042791138933575,4,1,6,1
7736.0,22,149,81.98572462093608,0.5249333354579017,6,0,7,2
1960.0,13,31,106.00455840623286,0.1231779404984258,0,1,8,0
5661.0,39,41,49.86687392341143,0.7939993700575806,3,1,5,1
1030.0,17,26,61.48191288803785,0.1739559831588023,3,0,8,0
2034.0,36,76,57.79288223833986,0.6773979630329777,0,1,8,1
4467.0,39,199,69.55133649901359,0.8230865577867059,4,0,4,1
2271.0,48,170,177.31015259239302,0.3544211552329394,4,0,7,2
3394.0,25,103,156.0394957299788,0.5041958335156281,2,0,9,1
4847.0,34,76,122.58997888443643,0.1129022579672349,2,0,4,2
4492.0,21,176,67.06908821301649,0.8234876796308969,5,1,9,1
,25,127,57.896052269560336,0.7329349809287373,1,1,4,0
2934.0,25,95,51.51928539911164,0.3082486549490587,5,0,1,0
9946.0,22,40,84.80831312827507,0.4512035780792104,1,0,4,0
7216.0,23,102,114.0064607283743,0.7257848516210003,4,1,2,0
3028.0,25,157,130.71357788042656,0.422346809666086,3,1,6,0
7525.0,14,46,100.72040832910454,0.2461732980019298,4,1,8,0
5850.0,14,115,128.27240603339345,0.5666549759901174,4,1,6,1
6594.0,26,17,146.79756524103212,0.7512108132577958,0,0,9,2
1772.0,40,188,81.4121966244636,0.3887285563026512,0,1,6,1
8290.0,30,83,154.91900702545053,0.209595044480012,2,1,7,0
7544.0,26,122,,0.846589745630779,5,0,5,0
4450.0,38,183,129.319095847928,0.3275216798024108,2,0,8,1
1387.0,22,182,101.59820456246932,0.5615334586959458,2,1,2,2
6710.0,39,56,,0.7222088345403187,2,0,2,2
9350.0,39,165,81.60992657437937,0.3853676803547987,2,1,8,2
8893.0,34,99,162.36605442037757,0.6837728836351765,4,0,6,2
,25,157,,0.5137385557973755,5,1,2,0
5287.0,36,116,169.37291134251575,0.6133929896114615,4,0,6,0
230.0,13,62,169.7016033134615,0.6315184932552484,2,1,8,2
8144.0,29,172,122.55560438214096,0.8417356182071976,4,0,6,1
8402.0,42,91,84.35816913405938,0.6906936460918028,3,1,9,1
2834.0,9,170,58.11133021234946,0.3378760229659694,1,0,6,0
9122.0,15,7,0.2813851632416515,,5,0,3,1
8957.0,31,120,126.9939059352186,0.1017869896676194,2,0,9,0
1166.0,44,20,44.42524751615257,0.913975646290296,4,0,5,0
5070.0,27,134,51.42583886455957,0.9478990466219857,2,0,6,2
,31,27,127.55039159168038,0.1847003388982011,1,1,4,2
1417.0,10,102,78.5057499716294,0.5383482564540233,3,0,3,2
384.0,37,162,,0.236435683114481,1,0,5,2
7066.0,7,14,123.0291330791885,0.953874178033676,0,1,3,2
7894.0,32,69,,0.3221492651402713,0,1,2,2
4214.0,11,26,109.92868358967014,0.551482386037299,3,0,6,1
147.0,48,56,72.51926732465982,,5,0,8,2
6238.0,45,115,96.24608782983704,0.3994849760527561,2,0,3,2
4961.0,28,188,71.10656952400956,0.3401257248344628,4,1,6,0
3359.0,4,165,193.9877291925777,0.527883438674967,2,0,9,0
7942.0,48,84,118.6116797240456,0.4778037658199336,4,1,1,2
3515.0,45,162,129.23338395751236,0.3977180151403378,2,1,3,0
6550.0,31,156,167.62509546149423,0.1952898558835709,3,1,2,1
8859.0,29,137,57.61751538529317,0.5360383198062534,7,0,8,1
6264.0,33,57,28.67556470685672,,5,0,9,1
7887.0,4,187,98.86296103141272,0.7572010029270094,3,0,6,1
4165.0,47,27,28.816058889326182,0.7485173957464025,0,0,3,2
181.0,26,110,79.4447205200367,0.4294825630707778,1,1,8,1
3105.0,31,95,-8.945640383187566,0.7375771726138463,3,0,7,1
8508.0,31,123,32.41589822120373,0.5189783332599268,3,1,2,1
434.0,27,142,161.14650123090166,0.2352484817543523,1,0,7,1
8850.0,25,124,120.23184389881207,0.4771447749802459,3,1,1,0
9165.0,48,165,189.88257410031815,0.2194647679284377,1,0,8,1
9044.0,36,97,98.44309651653444,0.2030345370158823,2,0,5,1
8885.0,49,66,96.52338964783152,0.1207533776118496,2,1,9,0
7168.0,31,86,110.77373077643315,0.3545688708724749,3,0,3,0
9970.0,43,159,279.434064234949,0.3977873058177503,4,0,7,2
3997.0,37,11,152.63023683761435,0.7294993416446434,6,1,8,0
8058.0,45,104,57.9697692980928,0.5842043063963053,2,1,1,0
8201.0,44,159,120.36710750135174,0.8726047408479808,3,1,6,0
4748.0,23,78,107.62828582646767,,1,1,2,1
9774.0,35,142,136.0452511676333,0.3393609812738326,4,0,8,2
882.0,4,61,193.6610006638653,0.9469685000290742,6,0,6,2
3686.0,28,34,129.3887792455253,0.4996407230018329,2,1,3,1
3894.0,42,7,81.46203284257335,0.8101458487437901,2,0,4,2
9275.0,41,161,193.21744594488732,0.5429508837845403,2,0,7,1
5697.0,42,18,34.706335024494905,0.5239770913231728,2,1,9,0
7150.0,13,81,86.44203338707612,0.2333046592266781,5,1,2,1
5151.0,1,87,145.07292794895244,0.8660796498537275,3,0,9,1
842.0,12,157,60.47486420790416,0.1705197524928711,4,0,6,0
4644.0,43,142,97.41123786159068,0.3792349851877373,5,1,2,0
4455.0,40,83,64.93383291092354,0.7061212645481615,6,1,8,2
3708.0,26,181,98.08302423594068,0.5565317957272269,5,1,4,1
3371.0,46,42,65.02005126559247,0.8932404942743826,1,0,8,0
2610.0,46,146,103.95223864476888,0.1353681575091243,5,1,7,2
,23,162,83.5188738407014,0.6844667675497572,2,1,7,1
6155.0,49,44,166.3620635903539,0.5297189235644124,2,0,7,0
1475.0,22,144,119.27498078768654,0.2388806411208858,2,1,2,0
9423.0,28,146,136.90648955296234,0.7689267164013341,3,1,8,1
2616.0,17,133,107.21551031810893,,4,1,2,0
6338.0,6,72,78.27890720562095,0.5784237138130152,2,0,3,1
190.0,14,53,116.74003196741396,0.9705394597267974,3,0,7,1
1579.0,17,22,110.13964033094445,0.5376070729226697,2,1,7,1
1054.0,38,168,-21.07063191567802,0.8410355790027785,5,0,7,0
8314.0,5,68,101.67765295734316,0.7926197710071199,2,1,4,0
3405.0,13,100,133.59808322831128,0.6964791323624191,7,0,5,1
1821.0,48,32,64.19504580774124,0.9071309290153002,2,0,7,2
9732.0,9,164,143.37602473849614,0.3264414822434628,5,1,8,1
5552.0,44,29,117.77958453134484,0.8386941083208969,4,1,3,1
2647.0,42,179,80.16094066303047,0.4400087395576083,5,0,6,1
5023.0,26,152,,0.8312418010730992,2,0,9,2
288.0,13,165,81.57039905056331,0.54440981609096,7,0,5,0
559.0,19,34,113.83990696525868,0.8719383276489122,6,0,4,0
2336.0,48,169,87.00391945664526,0.9053591839236876,3,1,9,1
4546.0,17,185,127.45026255572328,0.6378794881157039,4,0,4,1
680.0,16,106,167.34123701327496,0.5568642611481205,6,1,3,0
2261.0,30,121,78.19405253898829,0.8049521289991007,3,1,7,1
4815.0,32,110,145.11134159250912,0.340287582861256,3,0,5,0
9823.0,14,78,85.0518866891405,0.1138138131240229,4,0,1,2
9660.0,48,73,85.44387316463184,0.4663851244792926,3,0,8,1
,15,12,80.23677667756832,0.5569967196070992,7,1,1,0
,12,127,15.599664770297537,0.3675364474948809,4,1,9,0
,37,101,125.01781594344553,0.4450256935639907,6,0,1,2
958.0,11,105,114.20232556092014,0.2197524096244851,4,0,4,1
2540.0,5,5,108.14751972022816,0.3495609130310146,5,0,4,2
1812.0,11,99,177.72602034830896,0.3160858131231162,7,1,9,0
615.0,34,11,,0.3708881684440931,3,1,1,0
7455.0,19,66,165.39740307239242,,2,0,9,2
1475.0,26,115,88.23358009425193,0.6030715339428521,3,1,4,2
6784.0,26,91,,0.3255372461764654,3,1,7,2
3769.0,17,190,49.09213248962773,0.9468651370058996,3,1,9,1
2490.0,31,91,103.09183845421666,0.5601473473270014,4,1,7,0
3362.0,19,127,100.41266856062656,0.2160694057687907,2,0,2,1
4738.0,44,12,126.92224478561302,0.3516456434718555,2,0,6,1
2966.0,20,68,46.55767963205927,0.7567817465220886,0,0,6,2
7948.0,23,140,81.28693754333786,0.1122931345426547,2,1,3,1
,25,135,15.2527206288312,0.944036187577256,5,0,4,1
9048.0,28,131,64.19806349323107,0.5006592295532255,3,0,6,2
3595.0,37,190,144.6317280567446,0.5689711206558971,3,1,6,2
6594.0,12,131,44.928753242365225,0.9895710122555752,2,1,1,2
287.0,48,164,187.19890842605787,0.5530627773993985,3,1,8,0
,1,120,150.4451240193555,0.9529695950157752,2,0,9,0
8193.0,2,53,125.0620575911482,0.9237080042138388,5,0,2,1
2814.0,10,170,166.6768065054985,0.9471839757995916,2,1,4,1
7508.0,34,134,93.9483116770508,0.8311357517431275,4,0,6,0
395.0,32,131,63.12377594735337,0.3667582761019581,2,0,2,1
3633.0,25,141,95.20288380347804,0.4117442354073833,1,1,7,2
4240.0,10,50,14.057737638055016,0.4284856613625768,2,1,6,0
4142.0,1,69,159.53690487483243,0.9812627556509756,1,0,8,1
4370.0,32,181,82.55557110105892,0.4246799535749338,3,0,7,1
3151.0,37,161,62.23966145208745,0.1978203782965424,2,1,1,1
5565.0,12,94,68.02275213299049,0.8004960051716364,0,1,5,0
7833.0,49,33,100.82882190941557,0.4294569624238473,1,1,6,0
6105.0,18,37,105.981151039756,0.6588423205532591,5,1,7,0
5970.0,30,32,92.69479717420832,0.9319243710375704,2,0,4,2
4004.0,13,99,92.47251942762222,0.6179550191002399,1,0,9,1
2361.0,3,87,127.48796758340076,0.6739301605220992,0,0,1,1
9814.0,21,116,45.06621234387448,0.6785763080186225,1,0,3,2
,42,158,111.25957106096442,0.6511592671826637,4,0,2,0
6793.0,14,118,84.10685538708678,0.2437924397328587,2,1,2,0
8396.0,40,33,0.1006013641210614,0.5107738732738799,5,1,1,0
578.0,10,143,45.83483817106055,0.1068976179793526,3,1,3,2
,2,106,60.40095708007029,,5,1,5,1
6677.0,45,166,183.51965525539327,0.617822465523615,3,0,6,2
6885.0,37,108,122.6252027617614,0.386323497316739,4,0,8,1
8984.0,11,52,113.54947104343051,0.5715059528531834,3,1,4,1
3138.0,1,159,75.65141174799552,0.5437520037172691,2,0,1,1
293.0,26,128,74.38257097883543,0.325823694348026,2,1,9,2
9781.0,42,172,40.856010793463646,0.3639587932833337,2,0,3,0
158.0,13,163,83.679533351664,0.7862868969658756,4,0,8,0
1986.0,28,197,168.78046844761,0.780159087263556,4,0,4,2
4673.0,36,171,34.09413352158691,0.5228039352158581,2,0,3,1
5322.0,21,115,70.67860141931584,0.7457580571743816,1,0,3,2
2680.0,10,28,146.30935324478085,0.5057211522078425,4,0,4,0
4744.0,12,27,146.1737237610578,0.8662366314065189,2,0,4,2
7723.0,46,193,63.97297378500116,,1,1,7,1
320.0,27,159,,0.9345632498608608,4,1,2,0
975.0,3,20,78.26515214485727,0.5880552855082039,3,0,8,1
1296.0,28,177,,0.5821190749717757,2,1,2,2
2809.0,2,31,174.91559955031582,0.7037293458934393,4,1,1,1
2831.0,28,137,104.59803406796496,0.406770409733216,3,1,8,2
435.0,31,191,91.60692690908442,0.7518966138164209,4,1,4,0
8516.0,43,39,108.74148673863016,0.3883825923707079,5,1,6,0
7114.0,21,178,51.503790204457566,0.457784946962907,4,0,1,0
,7,60,71.90482062089791,0.707233093113751,2,0,3,1
8280.0,31,131,171.84509146665667,0.4406041911712433,3,0,7,2
4057.0,14,156,192.95663303357003,0.2799767104192546,1,1,7,2
7211.0,39,142,44.34149439974365,,1,1,8,2
4689.0,39,42,80.53207136743195,0.9299398427144976,1,0,2,1
1986.0,9,180,100.2194130876236,0.6640579448267037,7,1,7,2
410.0,23,13,110.03469326297363,0.8300356940780681,1,0,4,0
1704.0,12,182,52.48071740615081,0.9879871192972776,2,0,6,2
5759.0,29,73,132.52202516261065,0.6532972766378432,2,1,4,1
4082.0,38,180,136.29945021790687,0.917913378925012,4,1,9,0
8660.0,39,171,142.51558916653923,0.4233292747483129,0,1,1,0
3646.0,22,9,137.6232079534003,0.7304251922984675,1,0,1,1
4941.0,4,88,104.06163202746636,0.1502249196671617,3,0,5,0
6274.0,48,143,149.52779312900708,0.8100744000491303,2,0,5,2
5451.0,7,64,127.20331314391068,0.8468228302566106,3,0,8,1
8117.0,40,159,,0.4610578928265927,2,1,7,2
1097.0,8,139,26.15786052078117,0.6750595142895967,3,0,3,1
596.0,35,192,115.42873797094867,0.8725249921531227,4,1,8,1
5785.0,9,182,164.2909238481398,0.8952473480581452,5,0,4,1
1063.0,13,71,122.30227280281684,0.1958783718849408,0,0,3,2
1298.0,39,73,,0.8447389718796077,4,0,2,1
6010.0,20,187,47.04553017099445,0.3468190167334902,4,0,9,0
5584.0,21,81,103.36715099221948,0.7545762067039691,3,0,7,2
676.0,47,148,157.10532986493794,0.3926477381432998,1,0,5,1
3260.0,19,122,122.29057526707332,0.1506967035675194,1,1,9,1
153.0,2,16,105.23211609243296,0.2888836388659968,7,0,3,2
328.0,44,31,129.7062712037421,0.4678045982443756,1,1,6,0
9070.0,40,165,111.32706285548898,,4,1,8,0
1084.0,30,89,158.7269199129942,0.1906332645811218,1,0,9,1
8760.0,23,112,111.28937739789043,0.8316407124101438,1,0,4,1
2567.0,40,59,98.46262245095473,0.9972559827661696,3,0,1,0
631.0,13,56,47.63190018193948,0.8094318788612128,2,1,8,1
8128.0,33,41,160.7195921911726,0.5263628680259933,4,1,3,0
661.0,32,117,52.97904864732333,0.6113441897613517,4,1,6,0
189.0,28,124,111.87391812131928,0.1055444574724071,3,1,4,0
5835.0,24,19,140.04780322100277,0.2883464540698577,4,0,6,0
9698.0,42,88,189.46679143166415,0.9090893183140408,2,1,3,1
3245.0,28,87,111.33147101862036,0.1195564624616672,6,1,7,2
1392.0,30,69,169.56461064378215,0.9143154576072836,1,1,2,2
4210.0,41,7,101.36931940360756,0.2019273473153506,1,1,5,0
7596.0,29,109,71.97865888917262,0.2197667169629508,3,0,3,1
7659.0,34,137,238.32108197577747,0.2578149197712301,1,0,5,2
3881.0,22,141,39.095671194403806,0.8194467924596767,3,0,3,2
4167.0,25,133,246.0662186457801,0.5303679178081415,1,0,9,0
3605.0,14,34,181.41834601398293,0.2306769672070381,3,0,8,0
2491.0,10,75,71.25987795506182,0.7181216376987924,3,1,2,1
1318.0,10,152,132.49240265276893,0.9466195296931996,1,1,8,2
5255.0,8,97,30.11228956754444,0.6152063268227247,1,1,8,0
2352.0,14,31,129.65161510142917,0.1888300051484846,3,1,3,0
3991.0,45,67,116.10497539153256,0.1492755455597858,3,1,5,1
9966.0,38,85,,0.8162851238881846,2,0,2,0
875.0,32,35,79.80109951414227,0.6634752871369914,2,1,6,0
5329.0,45,151,107.95122706944989,0.9303916052121411,2,0,2,0
8516.0,32,118,123.81373361889656,0.5925251359431891,3,0,4,0
7653.0,3,106,,0.156155862918748,3,0,3,0
163.0,20,97,170.30476760009444,0.4633181649987852,4,1,1,1
1887.0,13,194,106.50692639796289,0.692191619732276,3,1,8,0
7191.0,23,139,117.21869860562136,0.4463968158435367,3,1,8,2
5156.0,19,169,58.361106111532486,0.9996322570662096,2,0,1,0
8169.0,16,75,17.43292522890006,0.4648407523063705,1,0,6,0
9667.0,36,90,32.68295991021526,0.5916125138027951,1,1,1,2
4015.0,35,140,129.8157244114185,0.3028528293613115,2,0,9,2
192.0,47,189,60.48546012851667,0.2369243838719725,3,0,1,0
,47,32,136.4438854854733,0.6807749847069258,5,0,3,1
5608.0,7,86,182.7370773059274,0.6297514722241139,6,1,9,2
5830.0,37,99,138.54882597992338,0.1039049716656558,3,0,1,1
3964.0,8,21,121.31553216967184,0.3563033813179679,2,1,2,0
5036.0,25,143,132.78411377372203,,4,1,4,0
1501.0,23,147,155.20118087332295,0.8310244111592047,1,0,7,2
1706.0,10,162,115.58595780613678,0.3811317877358599,4,0,8,2
997.0,30,99,133.18474792099389,0.6826927323599684,3,0,1,1
4687.0,33,125,71.72921938396752,0.3387321371357615,2,1,1,0
3813.0,11,10,,0.7213419051663126,3,1,5,2
3231.0,35,16,74.71033858986777,0.7281531987962162,6,0,8,2
1632.0,27,91,83.68213053421908,0.217201118967631,3,0,1,2
6635.0,3,193,81.64174545037386,0.6985808055793045,0,1,3,1
7386.0,47,107,157.3321263762197,0.4002104635123327,2,0,6,0
1898.0,49,108,-35.78818705412695,0.2553354384333647,3,1,1,2
8262.0,8,168,89.31338757392186,0.5503251094963968,5,0,3,2
1451.0,13,39,137.16402483998132,0.5070670155178492,3,0,1,2
7151.0,42,71,135.3381564948992,0.7964873299557973,2,0,4,0
6958.0,3,110,59.053363716766754,0.1760639582450966,5,1,9,1
9955.0,20,96,186.9358908481032,0.8107779419486028,4,0,5,1
698.0,46,67,30.81236143972889,0.1954741258983661,6,0,3,0
2144.0,45,87,82.5016432947721,0.2867131252711557,2,1,7,1
358.0,35,172,84.5085758156784,0.564293906496704,7,1,6,1
4671.0,13,86,84.00749173186821,0.516857140020182,3,1,9,2
8103.0,20,35,167.98502115889343,0.9899730772606432,2,1,4,1
7068.0,24,41,100.7981511516008,0.6305263419361954,4,1,4,2
6276.0,9,137,115.9887737529023,0.3946920357222225,1,1,9,1
7142.0,30,119,143.96586457443817,0.910133981689587,0,1,2,2
8679.0,25,125,68.02091329403757,0.3809934611042533,0,1,2,0
897.0,16,136,92.26350188976744,0.346398071669461,4,0,9,0
5813.0,8,122,183.80339632349504,0.5449346156789735,2,0,7,1
7411.0,44,158,118.91214653890408,0.9218573060257712,3,0,5,2
4120.0,28,156,45.251149980079184,0.7376628297329547,3,0,5,0
6011.0,12,171,,0.7097348939205974,5,1,9,0
4054.0,24,188,144.59664340137917,0.7534695385348866,5,1,5,1
9919.0,49,186,43.5262923833019,0.6936765496982994,2,1,9,2
4412.0,29,42,76.35049547353539,0.7838167237011513,2,1,8,2
9080.0,15,114,110.16510983711512,0.2734858195562201,2,1,6,0
5739.0,18,186,100.68107533013524,0.2595324580854413,4,0,5,1
6279.0,7,151,174.16087965514637,0.4259470094122635,5,0,5,0
6879.0,13,30,-22.53087028470513,0.8658638009162493,3,1,5,0
2156.0,19,131,124.09735862659014,0.7430087939470388,2,0,1,1
9355.0,48,56,85.87085604816065,0.6098260085584922,4,1,5,1
7202.0,43,122,165.85041042022198,0.1175026937303078,8,1,3,1
6744.0,5,65,88.2186439234971,0.3122220555422799,3,0,6,2
5885.0,26,199,89.66753689533219,0.8231625482949091,2,0,9,1
1547.0,2,154,99.79617068575672,,2,1,3,1
614.0,33,149,66.94296737719296,0.7572611774718526,3,0,1,0
2013.0,48,143,70.45436639955261,0.2661708384368956,4,1,8,1
2051.0,37,115,92.5522150311152,0.6457308023794227,5,1,9,1
5670.0,25,171,,0.6653902300304515,1,0,4,0
9065.0,25,193,75.43250746445375,0.7767696031178335,1,1,5,2
428.0,39,53,65.6251312297972,0.4945081608060759,2,1,3,1
9085.0,30,111,79.99259468045386,,3,0,8,0
9253.0,41,97,100.16980179462354,0.5382728098482564,5,1,3,2
6613.0,4,128,189.62222871319963,0.9526042408584816,3,1,4,2
,19,65,61.81073631172282,0.5696926543166567,4,0,7,1
1510.0,27,144,224.95464746539432,0.288638094815369,4,0,2,2
7814.0,47,145,122.6149676233843,0.7011032942247727,0,0,1,1
1237.0,39,62,49.98369322174413,0.5936205953875722,0,1,4,2
4766.0,24,15,72.63724458306388,0.823446547498132,5,1,8,2
5257.0,37,196,3.1775122404902447,0.2592204378339192,4,0,1,2
1668.0,25,163,105.33409525891432,0.3348456424065144,4,0,3,1
4572.0,29,143,152.57676328445297,0.9294661966579498,5,1,4,2
7666.0,31,126,101.55444901488316,0.9370235019216664,1,0,4,0
3374.0,45,109,140.1403699283773,0.4980310898274018,4,1,3,0
3373.0,35,175,121.42436405951162,0.1429760639065869,3,1,3,2
6343.0,28,40,160.5067244253221,0.3758995617633638,4,0,7,1
3569.0,38,134,51.0131066441677,0.3224103889791503,3,1,8,0
6032.0,44,91,144.14411077043997,0.4732091667954295,4,0,4,2
6664.0,4,65,194.33879711942097,0.3860205569907288,6,1,8,0
5462.0,28,168,228.26495578320748,0.8460931094672088,2,1,8,0
4736.0,31,82,171.01630879541517,0.1027324172129086,3,1,6,0
5446.0,23,53,108.57357050328942,0.6801686681603484,6,0,1,0
1336.0,14,159,51.73633905890821,0.697843202640439,6,1,7,0
4308.0,28,144,59.16885105730242,0.6945639177601386,3,1,7,2
4568.0,14,190,91.34125038557724,0.5685352124631128,6,0,5,0
2446.0,1,10,192.99611937601583,0.6499936657988227,7,0,6,2
1142.0,43,48,73.48151462729592,0.8294448803833812,1,1,9,0
4866.0,32,179,108.97986154131848,0.8057771008195432,1,0,3,1
4206.0,41,27,147.03818885064368,0.1311628394605693,3,1,4,2
8299.0,18,119,-64.28331020416596,0.127392882163578,6,1,9,1
7420.0,5,102,46.82937395241419,0.8550503314934421,5,1,2,1
,42,112,197.6585601206748,0.6172567187775065,3,1,9,0
9865.0,15,100,152.14512242228503,0.961684601742273,1,1,5,0
7402.0,42,30,152.48222700995245,0.4884324372248282,2,1,3,0
,16,139,53.02527778629502,0.2590676392561694,2,0,8,0
560.0,36,164,172.57507929850533,0.5259114211490282,4,1,9,0
2402.0,36,37,,0.4928898771653708,3,1,1,1
2733.0,40,86,104.57739284709042,0.5654596432946647,1,0,5,1
,30,152,134.73462168442074,0.8271525104892549,4,1,9,0
461.0,38,99,141.64432875504562,0.6900255891430984,1,1,2,0
5593.0,23,184,,0.2667477946594373,1,1,1,2
7246.0,11,174,89.95352693941406,0.7610295307195551,3,1,8,2
887.0,25,133,7.620791775017537,0.6327065919505884,7,0,6,1
308.0,45,195,104.11764025345694,0.6204796574839132,5,1,2,1
8558.0,43,11,-8.42478478303667,0.7104311941920716,3,0,3,1
5192.0,2,128,128.37896650923972,0.6075689127908785,2,0,5,0
653.0,35,62,51.06699103624535,0.511762362704284,3,0,1,1
8125.0,47,90,92.02355767468768,0.6763422545326865,4,1,2,1
9879.0,24,182,74.42336724757577,0.7513543625955176,1,1,1,1
4616.0,13,38,128.30061534616146,0.3031902485480715,4,0,7,2
6551.0,42,55,60.49481396247484,0.5473449048143013,3,0,7,1
9410.0,37,124,112.81058550638409,0.5123552169386113,4,1,5,1
1613.0,30,142,109.2274352066128,0.1359129435501594,4,1,6,2
7525.0,11,115,103.28850268147828,0.8509947907816052,4,1,3,1
5451.0,23,110,119.63378179118544,0.4396438215445819,4,1,2,0
6849.0,46,30,39.87565475668753,0.1654203098810879,3,1,9,2
7105.0,28,36,41.7055569861897,0.5121091873688333,2,0,2,1
8512.0,29,128,171.67378596328663,0.2453327254824376,3,0,1,2
2444.0,15,174,23.006370364254764,0.7339729731711984,3,0,9,1
7254.0,45,194,208.31739074698072,0.6145944176508864,2,1,8,1
2071.0,3,16,93.11185985728724,0.3431024262801416,1,0,8,2
4538.0,9,172,57.47603075885013,0.9554264732358766,3,1,7,0
5424.0,8,91,143.05742712323973,0.3625708134300227,6,0,9,2
9183.0,47,82,,0.5994972162792287,2,1,3,0
5769.0,33,38,116.90984104065376,0.8214110418619442,3,0,8,0
5261.0,34,74,162.15407492611877,0.5625030681590392,4,0,1,2
1305.0,9,159,135.66276030531952,0.9647701081977564,2,1,1,1
9510.0,17,12,,0.859469110281563,0,1,6,0
1955.0,41,179,132.73157175378836,0.9289171126008064,3,0,8,2
2099.0,1,85,102.00369886241288,0.4354323253789951,1,0,8,1
2535.0,40,30,140.55473238442596,0.5935198756701328,3,1,1,1
6880.0,5,61,46.36108369524179,0.8561496659440605,2,1,1,1
3198.0,30,139,172.95580224538162,0.9131500308724712,4,1,9,2
3486.0,11,30,92.18967224147129,0.9499272201716692,5,0,9,2
5540.0,28,191,108.85909147170813,0.8912367939517802,4,0,7,1
6536.0,38,118,84.32244796790313,,5,1,1,1
1877.0,17,122,130.30554189739792,0.121793324978737,4,0,2,1
7503.0,23,120,152.70617992412406,,3,1,8,1
6958.0,18,51,50.396523331816496,0.2160426564040874,0,0,8,2
3039.0,37,106,96.53586802907176,0.2392827412061334,2,1,5,1
938.0,27,128,108.49277127088372,0.3618164686446028,5,1,2,0
5825.0,25,167,121.81616984566244,0.1672664114696973,6,0,3,0
4859.0,5,162,85.422044019353,0.318728631091794,2,1,5,2
4960.0,19,182,78.40208062836683,0.9612809528852267,4,1,3,0
3238.0,27,28,144.305109176536,0.3807492207293762,3,0,1,0
275.0,13,34,125.43189538344392,0.2437417629316212,3,0,6,0
4705.0,7,58,110.77323638910173,0.7464701623778269,3,0,5,2
3262.0,26,71,162.47026436587444,0.8456546350470248,3,0,3,0
2852.0,14,36,33.113617758670344,0.3826340646368351,5,1,9,1
9481.0,27,12,139.92263430672767,0.3506475795205338,1,1,8,0
937.0,8,182,118.68138098122256,0.3175835931145301,4,1,7,0
7945.0,31,179,27.25399492133464,0.453935115159736,1,1,2,0
2833.0,35,50,158.31635908703095,0.1785085820550026,3,1,5,1
7788.0,27,84,129.49316421965236,0.7022163039005856,1,0,5,2
5306.0,4,39,136.1670905196953,0.840003692730813,2,0,6,2
,42,193,84.817211138511,0.6973140517652962,1,1,6,0
6240.0,4,93,138.1294663255549,0.4790797209037436,3,0,3,1
,18,83,63.45303189648493,0.3600660226098153,2,0,4,0
3449.0,23,183,32.72910477764081,0.4685015480604163,1,0,1,2
3410.0,32,195,99.34723352564052,,2,0,1,2
4780.0,12,140,133.7504597104303,0.6994187456252564,2,0,5,1
2486.0,20,38,150.74628024938045,0.9352543200855084,6,1,4,1
5291.0,47,29,107.5345387631525,0.163527840503145,4,0,7,2
473.0,45,117,103.67668605244808,0.9580182335952598,1,1,7,2
4775.0,12,176,150.71602330220185,0.919181155205831,1,1,4,2
1361.0,8,87,83.30317789739325,0.2059590703085999,2,1,2,0
7733.0,22,47,71.8937765200345,0.2652265279768004,5,1,4,2
8412.0,27,130,180.91194066468205,0.3804360413022306,1,1,8,2
5632.0,41,182,86.11193050899043,0.6036994368686727,3,0,2,1
5942.0,41,17,145.8306994077588,0.2210285764707519,6,1,5,2
3945.0,17,178,167.98151877781888,0.2803014579446983,3,1,7,2
2984.0,32,129,110.50030059770252,,7,1,6,1
4238.0,33,80,113.1925989183209,0.1983705676938332,1,0,9,2
5723.0,31,91,189.8901981729208,0.4589904386254055,7,0,2,1
2219.0,6,185,34.60138639405324,0.7867015998928378,6,0,4,1
7816.0,39,195,33.753420307061106,0.8997248052016643,2,0,7,1
590.0,9,108,140.77693665596394,0.402438306337019,2,1,8,1
3145.0,42,134,79.56222119087121,0.2479937548218095,1,1,5,1
482.0,32,44,143.07475971534035,0.7633104931860054,2,1,5,1
,36,27,97.17862860309556,0.7953019828058588,2,1,4,1
5685.0,16,191,141.63860249232664,0.9820300996544898,2,1,9,2
9469.0,12,73,55.92694786916439,0.2255876662990638,0,0,4,0
2317.0,41,38,130.65610238032158,0.7384787944024159,3,1,3,2
9587.0,3,159,74.9517320791594,0.4755632839611897,3,0,9,1
9209.0,27,59,136.0115363537634,0.9231664938107088,3,1,7,1
7377.0,27,110,218.2298243402734,0.4670477959000472,4,0,9,2
6694.0,9,8,59.775363697798106,0.5013643380063995,4,0,4,0
6886.0,17,74,82.29560327075228,0.2141169383680607,5,0,3,2
6266.0,46,159,93.61287429374786,0.3888431065817919,2,1,8,2
2514.0,5,51,116.13755268636304,0.4607564233530558,2,0,4,2
750.0,26,118,-14.567518314302715,0.1157578789400658,2,1,3,0
8269.0,21,121,101.66195592106143,0.4938170215985461,3,1,4,1
5015.0,1,122,89.07585154412922,0.4026866961405756,3,0,2,0
3298.0,1,172,89.4278906179294,0.8234557622204427,1,0,4,2
1041.0,35,159,114.72672364367602,0.1964013521012136,1,0,7,2
8832.0,9,11,117.70361726201352,0.7841900142306021,8,0,3,0
5905.0,23,155,116.9291455252702,0.7426103889490607,4,1,1,0
3827.0,38,196,46.14776153595774,0.3176040950047953,0,1,8,1
2629.0,41,117,87.48035812107727,0.1749445015076174,5,1,6,1
1302.0,4,102,85.38145046166193,0.8576501011801264,2,0,3,0
5064.0,19,33,126.3646693689768,0.3244870384704221,0,0,8,1
750.0,37,193,51.69556159793844,0.2310041077363884,2,0,6,2
3106.0,5,176,109.66843933178436,0.4231329417218729,6,0,1,0
3004.0,28,119,180.44289944814955,0.4607945412931469,3,1,9,1
8605.0,46,159,-33.04315397866094,0.3934791818020793,0,1,9,2
4214.0,42,144,91.5045208284336,0.9788330012562562,0,1,9,0
9475.0,48,149,0.7583886760087637,0.8927386023667151,1,0,6,1
221.0,23,41,,0.8856779468131798,1,0,6,2
6703.0,38,38,141.77317962088227,0.4588908314686929,3,0,4,0
8460.0,23,168,74.45432296644664,0.966582675764644,7,0,8,1
3782.0,46,138,146.3030033763282,0.7156137666625279,6,0,9,2
4824.0,18,100,168.04195502400532,0.8487952018345691,3,1,7,2
4221.0,29,164,120.08874768848824,0.5507876125489258,2,0,7,2
6964.0,28,77,74.25135248055369,0.2445555638794171,3,1,2,2
7494.0,9,126,126.8002135506155,0.8981969544862088,3,0,2,0
1829.0,39,154,184.04453786159337,0.5377840654349569,4,1,2,2
6052.0,10,14,33.44299048630313,0.9716994181766772,3,0,4,0
5229.0,2,33,155.4077119652709,0.329374910262272,2,0,9,0
1218.0,13,143,35.55417190383328,0.993141092288102,3,1,5,1
2268.0,38,96,24.12127530660437,0.3001822137749341,4,0,2,0
7768.0,27,198,,,4,0,4,2
1150.0,41,60,98.0306817539413,0.6346148706324334,2,0,7,0
8996.0,20,89,163.14956690313485,0.7239907532660456,4,1,5,0
6740.0,40,99,-0.553625513195243,0.7482539521057665,5,0,8,1
2999.0,10,62,149.47700800743087,0.5286271680349953,3,0,1,0
3307.0,16,56,92.3447718100724,0.1691442611776917,6,0,5,1
8998.0,15,65,44.85558803863774,0.5464433365444912,3,0,4,0
7774.0,13,21,129.5788018195043,0.4012191572827567,6,0,3,1
3932.0,38,34,76.25843242647356,0.6918900481168508,1,1,7,0
2108.0,20,76,212.94514288024575,0.2640480257491404,4,1,1,2
4821.0,24,41,124.92310551352656,0.4545210922762176,5,1,6,0
9889.0,41,137,102.79771188463494,0.9695072386004798,4,1,8,1
1166.0,7,158,132.41093831875608,,4,0,2,1
8387.0,23,84,167.17616796289818,0.6421007421470443,2,0,6,2
2018.0,24,133,172.0414917217903,0.1815834061436821,2,1,1,2
9557.0,29,141,,0.2412960903459638,4,1,6,1
8531.0,5,75,168.83997716180403,0.6444409497517515,1,1,6,2
1427.0,43,111,160.16324894833542,0.4995959703200078,1,1,5,0
6310.0,45,196,145.46455368530684,0.5936490972551535,3,1,7,0
,35,156,80.28417552533604,0.8918849535355834,4,0,5,2
7459.0,1,137,162.86187245553668,0.8355162182598752,4,1,8,0
1242.0,36,183,78.56800926564941,0.8991833044856615,1,0,2,0
3323.0,18,170,113.1784922782458,0.6546294287543911,2,0,6,2
3948.0,6,161,81.19209051267573,0.5406788527426128,5,1,5,1
1515.0,23,178,,0.5132778236020197,1,0,2,0
6474.0,10,184,163.9781340480216,0.7658277006001996,5,0,7,2
860.0,7,125,,0.5691698904924667,2,0,4,1
3742.0,44,178,29.413477365453872,0.1951919166359969,3,0,6,0
1652.0,8,79,150.52692218329207,0.2277451216524351,1,1,5,0
,13,72,151.77995334608025,,6,0,4,2
9447.0,30,191,178.22324514313846,0.1610410347740698,2,0,2,0
8648.0,18,142,144.69462173422735,0.3153080975139372,3,1,7,1
9963.0,14,102,145.8485106390905,0.6907607678921918,3,1,5,2
7309.0,11,136,64.12903251992864,0.1111872810675219,1,1,3,2
1428.0,42,56,136.85144860278416,0.6436835790233482,1,0,6,2
1129.0,38,78,207.34138674197425,0.7951212308816471,2,1,8,2
2476.0,13,22,72.35039206344489,0.2531383763779876,4,0,2,1
3341.0,42,80,39.10087444505256,,3,1,4,1
3240.0,44,183,107.02812362053132,0.1259707298621326,3,0,3,1
981.0,33,155,146.87198578372966,0.5612050349501154,2,1,7,1
8830.0,13,112,110.8255991591006,0.6891288011854455,1,1,8,1
3657.0,25,157,189.18855066466108,0.511218623876157,4,0,8,1
7163.0,24,64,56.98094325122122,0.4505039286635905,1,1,4,2
2296.0,29,41,24.22196658452603,0.5089715355643005,2,1,2,2
2050.0,36,81,171.45003535957684,0.8033753968521897,5,0,6,2
9902.0,6,150,29.60301461714178,0.1301628766108231,4,1,3,1
6037.0,18,130,115.8560628906916,0.8054367047493475,5,1,8,2
3263.0,28,33,170.0910492869363,0.6997079041001121,4,0,3,1
4563.0,5,112,110.81454529448266,0.3172838987416779,2,0,2,2
4107.0,18,34,65.10434168169121,0.5722657536161639,3,1,9,1
4775.0,37,123,163.614518294475,0.1443616035872,4,1,9,1
4851.0,7,106,108.53917442444612,0.4416298033053711,1,0,9,1
6319.0,9,11,,0.2566382311694214,3,0,3,0
8518.0,35,173,182.17536527022375,0.1200703474185885,2,1,2,0
7630.0,12,78,81.19272328767194,0.4213805479893693,0,0,4,1
7835.0,46,41,70.03312940638327,0.7535011756549921,1,1,2,2
8883.0,40,31,54.86301015843653,0.9289196806225638,3,1,8,1
2175.0,44,25,160.80207261541503,0.6960371617815848,3,0,1,1
7872.0,39,47,121.38231575238056,0.4617731153173514,3,0,2,0
9660.0,24,55,75.62632386324708,0.99954650116169,2,0,6,1
2122.0,9,97,28.05095450047199,0.3546491572901893,9,0,9,0
